order_id,quantity_sold,revenue
1,3,276.91
2,4,721.96
3,2,391.43
4,4,678.34
5,2,175.36
6,5,981.02
7,2,352.66
8,5,63.21
9,2,213.17
10,4,409.3
11,4,766.29
12,3,441.4
13,3,153.49
14,2,43.26
15,1,167.59
16,4,786.59
17,3,81.3
18,5,640.41
19,3,428.88
20,4,609.94
21,5,86.26
22,1,180.76
23,5,837.61
24,3,361.85
25,2,173.07
26,5,748.15
27,3,505.42
28,2,317.23
29,2,217.41
30,1,175.44
31,2,370.72
32,2,341.87
33,2,89.93
34,3,36.2
35,2,120.9
36,2,271.44
37,2,353.34
38,1,180.17
39,1,146.17
40,4,700.5
41,1,23.55
42,1,65.28
43,4,391.48
44,4,542.39
45,2,254.77
46,1,71.68
47,4,155.81
48,4,235.4
49,4,94.71
50,2,137.16
51,1,85.93
52,5,476.78
53,5,462.31
54,2,387.64
55,3,411.25
56,3,556.54
57,4,113.07
58,2,57.67
59,4,202.31
60,5,464.97
61,4,461.55
62,4,362.86
63,4,480.79
64,3,257.16
65,5,333.96
66,5,224.37
67,4,188.88
68,2,603.75
69,3,35.1
70,2,238.61
71,1,56.84
72,3,460.82
73,3,113.79
74,1,37.56
75,5,510.91
76,1,182.24
77,4,147.28
78,3,430.42
79,3,569.55
80,5,774.21
81,4,655.47
82,3,390.85
83,2,178.6
84,3,465.44
85,3,44.61
86,1,178.19
87,3,116.88
88,4,548.16
89,1,161.93
90,3,412.89
91,5,939.47
92,2,319.4
93,3,438.0
94,4,192.12
95,4,423.89
96,3,559.37
97,3,248.71
98,1,186.02
99,3,401.86
100,1,60.44
101,3,539.3
102,1,28.78
103,1,164.59
104,5,208.93
105,2,294.41
106,4,722.55
107,1,48.89
108,3,465.35
109,1,30.15
110,2,320.45
111,5,838.7
112,2,383.32
113,3,321.51
114,1,86.24
115,3,79.53
116,2,66.21
117,1,189.31
118,2,114.32
119,2,312.72
120,4,776.22
121,5,764.52
122,4,245.54
123,3,493.16
124,2,179.68
125,1,52.25
126,2,115.49
127,3,590.28
128,2,64.54
129,5,408.8
130,2,29.41
131,3,146.54
132,4,106.13
133,4,295.41
134,3,575.69
135,2,101.98
136,1,92.66
137,3,213.7
138,3,97.87
139,5,207.66
140,2,236.06
141,2,22.6
142,3,338.84
143,4,716.41
144,5,120.88
145,2,35.94
146,1,160.68
147,4,380.5
148,3,132.08
149,3,170.47
150,3,173.55
151,5,956.16
152,2,191.48
153,3,293.58
154,1,21.79
155,5,746.75
156,3,437.19
157,1,170.74
158,4,477.44
159,4,197.5
160,1,108.35
161,2,338.76
162,2,314.83
163,3,236.87
164,5,92.31
165,1,150.7
166,2,318.42
167,4,503.52
168,5,383.44
169,3,243.95
170,2,162.42
171,1,151.2
172,1,195.08
173,4,703.97
174,3,369.41
175,1,53.27
176,4,774.87
177,2,289.34
178,4,711.74
179,5,215.07
180,1,81.2
181,5,133.35
182,2,140.01
183,1,114.41
184,1,126.57
185,2,119.79
186,3,224.05
187,3,545.86
188,1,189.24
189,5,851.99
190,4,575.06
191,4,307.02
192,1,145.04
193,2,305.0
194,5,251.12
195,1,195.37
196,1,129.24
197,2,188.53
198,5,152.53
199,1,42.66
200,5,806.56
201,4,236.3
202,4,287.86
203,1,176.0
204,5,788.07
205,2,342.5
206,3,536.57
207,5,187.84
208,5,252.23
209,5,726.55
210,4,363.77
211,1,167.36
212,5,174.26
213,4,66.45
214,3,336.97
215,3,366.12
216,2,73.29
217,1,88.35
218,1,117.51
219,4,789.91
220,1,115.85
221,3,52.34
222,3,288.68
223,5,430.77
224,1,151.51
225,2,383.2
226,5,964.0
227,4,492.72
228,1,178.58
229,1,151.95
230,1,16.34
231,1,147.3
232,4,257.37
233,5,902.35
234,3,88.71
235,4,366.31
236,5,64.02
237,3,67.73
238,3,246.83
239,5,199.25
240,2,60.9
241,5,300.55
242,5,91.72
243,2,290.91
244,4,265.45
245,1,94.91
246,5,925.88
247,5,376.13
248,4,377.95
249,2,350.42
250,3,176.41
251,2,147.28
252,2,82.73
253,4,117.54
254,5,502.68
255,3,208.87
256,3,424.49
257,3,57.7
258,4,701.46
259,1,183.61
260,2,115.21
261,3,477.87
262,4,751.65
263,2,79.57
264,5,117.85
265,2,27.99
266,4,469.31
267,1,175.89
268,5,208.92
269,5,397.67
270,5,543.42
271,2,273.69
272,2,205.99
273,5,141.0
274,4,110.86
275,5,822.51
276,4,325.81
277,2,264.31
278,4,386.53
279,5,988.83
280,5,329.99
281,4,460.7
282,4,365.72
283,3,309.67
284,3,561.29
285,5,942.31
286,5,313.82
287,3,425.2
288,4,749.7
289,4,710.45
290,5,767.04
291,5,190.27
292,5,477.3
293,5,590.03
294,4,375.04
295,1,48.59
296,2,176.8
297,5,167.86
298,3,90.68
299,5,748.25
300,3,458.68
301,1,19.21
302,3,346.62
303,3,279.95
304,3,416.04
305,2,60.11
306,2,392.37
307,5,894.96
308,4,226.51
309,4,492.68
310,1,143.39
311,1,32.51
312,4,399.03
313,4,173.3
314,5,419.8
315,2,381.07
316,2,154.81
317,4,434.3
318,1,48.29
319,2,103.84
320,4,193.95
321,3,339.32
322,2,336.84
323,4,544.56
324,1,50.64
325,2,112.01
326,1,106.59
327,2,115.81
328,5,602.01
329,2,361.77
330,3,279.1
331,3,417.53
332,4,587.73
333,3,512.09
334,2,316.84
335,3,55.66
336,4,121.45
337,1,164.65
338,5,681.76
339,5,978.63
340,4,741.17
341,5,856.76
342,1,71.87
343,4,696.08
344,1,49.82
345,3,275.54
346,2,79.64
347,2,290.55
348,3,442.72
349,4,42.77
350,3,278.79
351,1,125.55
352,3,330.66
353,4,98.5
354,4,189.5
355,4,444.38
356,1,62.42
357,1,102.49
358,5,924.33
359,1,105.14
360,4,478.25
361,5,167.3
362,3,295.6
363,1,117.9
364,2,257.76
365,5,375.69
366,5,997.9
367,1,81.77
368,4,570.01
369,4,67.7
370,4,517.78
371,2,346.17
372,2,251.89
373,4,123.93
374,1,83.36
375,3,489.2
376,1,103.92
377,4,531.06
378,3,353.77
379,1,99.02
380,5,855.58
381,4,451.6
382,5,937.34
383,3,82.95
384,5,563.5
385,2,86.45
386,3,491.26
387,5,597.95
388,3,597.86
389,3,758.65
390,1,191.09
391,1,40.95
392,1,30.15
393,3,97.4
394,1,160.59
395,2,341.1
396,1,82.78
397,2,197.08
398,1,152.42
399,2,392.37
400,1,22.74
401,4,575.14
402,1,67.02
403,4,787.35
404,2,240.4
405,5,528.06
406,1,194.68
407,4,537.14
408,2,160.68
409,2,275.5
410,1,304.16
411,4,645.51
412,4,671.27
413,1,35.65
414,4,724.37
415,1,43.31
416,2,129.78
417,1,54.07
418,4,277.55
419,5,647.06
420,1,131.52
421,5,468.69
422,1,98.94
423,1,37.78
424,3,369.02
425,5,646.09
426,5,300.64
427,5,819.87
428,5,914.31
429,1,112.76
430,1,199.43
431,4,327.11
432,2,65.87
433,1,142.11
434,1,24.5
435,4,268.99
436,4,691.39
437,5,188.48
438,4,545.86
439,4,203.5
440,5,982.46
441,1,168.08
442,2,219.32
443,2,29.55
444,4,212.31
445,1,99.55
446,3,357.68
447,2,277.34
448,1,159.24
449,3,548.32
450,1,127.09
451,5,126.23
452,3,246.17
453,3,436.19
454,1,173.49
455,5,666.3
456,1,106.82
457,1,193.48
458,3,179.72
459,3,156.91
460,2,194.9
461,3,313.8
462,3,520.89
463,5,753.6
464,1,363.44
465,2,303.54
466,5,120.9
467,1,182.9
468,3,543.98
469,5,871.53
470,2,192.74
471,4,769.14
472,1,199.07
473,3,295.01
474,3,349.8
475,5,916.5
476,2,227.39
477,5,340.57
478,3,182.75
479,5,524.34
480,1,98.8
481,1,43.42
482,1,128.97
483,5,461.06
484,2,245.76
485,1,136.32
486,2,201.7
487,5,738.05
488,4,662.6
489,3,113.3
490,1,86.47
491,5,768.79
492,1,114.53
493,5,754.21
494,4,535.88
495,3,1078.64
496,3,464.7
497,3,242.79
498,4,58.61
499,3,52.42
500,5,281.05
501,2,138.68
502,5,635.73
503,3,499.14
504,1,160.16
505,2,26.13
506,3,459.28
507,3,486.57
508,4,338.99
509,1,133.63
510,4,492.85
511,5,924.42
512,4,185.39
513,1,34.43
514,3,39.47
515,5,201.37
516,1,12.84
517,4,714.98
518,5,205.19
519,4,107.8
520,5,266.14
521,2,176.23
522,4,713.47
523,5,385.41
524,2,295.72
525,3,169.88
526,2,685.57
527,3,370.4
528,1,119.96
529,2,287.01
530,4,627.94
531,2,392.42
532,2,96.99
533,5,205.14
534,1,88.63
535,1,131.14
536,5,444.5
537,1,104.81
538,2,223.27
539,3,174.93
540,3,476.03
541,1,84.04
542,2,386.41
543,5,269.38
544,3,567.97
545,3,428.71
546,4,503.35
547,2,218.94
548,3,557.92
549,1,87.38
550,5,708.3
551,2,80.44
552,3,185.57
553,5,760.99
554,3,73.51
555,4,171.24
556,3,75.95
557,4,348.8
558,3,126.77
559,2,189.33
560,1,27.36
561,4,548.62
562,1,102.28
563,2,53.15
564,2,155.49
565,3,407.32
566,3,216.24
567,3,366.01
568,4,288.01
569,4,783.32
570,1,84.94
571,3,535.15
572,2,354.88
573,4,294.56
574,3,129.45
575,5,748.98
576,5,485.41
577,1,109.24
578,2,31.18
579,2,302.14
580,1,188.96
581,4,491.54
582,1,75.17
583,2,66.42
584,3,63.98
585,5,405.23
586,4,573.99
587,3,548.31
588,4,188.42
589,1,41.08
590,1,97.76
591,3,114.01
592,2,339.31
593,4,430.87
594,5,628.92
595,1,92.44
596,1,120.89
597,4,167.78
598,3,180.89
599,1,170.49
600,4,410.5
601,4,326.41
602,5,169.71
603,2,332.73
604,2,395.32
605,3,503.46
606,4,434.32
607,3,555.25
608,3,524.76
609,5,162.5
610,2,294.37
611,1,23.75
612,2,81.36
613,2,100.14
614,1,41.15
615,5,416.8
616,4,478.12
617,1,25.64
618,2,53.26
619,3,46.65
620,2,242.02
621,5,587.32
622,4,452.21
623,5,887.24
624,5,541.95
625,5,418.77
626,5,895.58
627,2,247.08
628,1,186.53
629,5,780.76
630,1,160.87
631,4,123.68
632,1,28.07
633,2,395.15
634,3,297.97
635,3,249.66
636,2,218.94
637,5,683.96
638,1,136.74
639,1,118.28
640,5,539.97
641,3,60.82
642,3,526.29
643,3,408.19
644,4,551.58
645,1,144.82
646,1,190.03
647,3,427.2
648,1,152.29
649,1,125.56
650,5,606.97
651,4,430.12
652,3,360.34
653,4,674.12
654,1,26.42
655,5,648.08
656,2,72.38
657,5,303.58
658,2,233.07
659,1,186.2
660,1,172.69
661,1,34.9
662,3,403.84
663,4,456.22
664,2,146.47
665,3,435.88
666,2,250.34
667,3,415.09
668,3,401.69
669,2,66.55
670,3,567.62
671,3,454.79
672,4,781.94
673,2,236.04
674,5,458.69
675,5,638.31
676,1,25.29
677,3,32.22
678,2,304.99
679,1,317.51
680,1,144.05
681,3,241.06
682,1,137.8
683,5,477.45
684,3,216.67
685,1,109.6
686,3,240.77
687,4,747.51
688,5,821.02
689,3,246.84
690,4,1227.58
691,1,27.33
692,1,53.41
693,2,207.22
694,5,582.13
695,4,708.34
696,5,133.1
697,1,50.52
698,3,205.8
699,3,174.71
700,2,388.12
701,3,387.47
702,5,273.01
703,2,161.18
704,2,22.71
705,1,112.3
706,2,240.47
707,5,131.03
708,1,51.61
709,3,786.65
710,4,556.35
711,5,263.27
712,1,146.4
713,1,86.72
714,3,377.45
715,4,345.26
716,4,277.46
717,5,308.58
718,4,774.64
719,1,97.58
720,1,76.03
721,5,695.05
722,1,143.82
723,4,321.75
724,1,81.52
725,1,101.28
726,3,598.0
727,1,195.02
728,4,458.97
729,1,73.13
730,2,86.36
731,1,173.77
732,4,90.45
733,4,769.79
734,1,47.92
735,4,674.36
736,3,118.35
737,4,110.42
738,2,140.18
739,4,629.04
740,5,585.35
741,5,751.19
742,1,145.28
743,2,62.3
744,5,946.7
745,3,56.85
746,2,71.22
747,4,396.42
748,5,954.19
749,4,503.34
750,4,450.11
751,3,438.35
752,4,697.88
753,4,132.45
754,1,90.68
755,4,571.43
756,4,246.77
757,2,265.61
758,3,547.2
759,4,760.97
760,3,392.25
761,1,106.2
762,3,292.02
763,4,229.63
764,4,71.22
765,4,754.65
766,1,47.08
767,4,384.11
768,1,24.31
769,2,67.79
770,4,656.28
771,2,273.71
772,1,21.24
773,1,69.02
774,4,250.13
775,4,756.06
776,4,715.64
777,3,304.14
778,2,321.22
779,4,129.83
780,1,41.5
781,4,334.9
782,2,187.21
783,5,830.72
784,3,549.18
785,5,75.95
786,2,101.31
787,1,30.06
788,3,167.11
789,4,202.62
790,1,141.78
791,4,332.39
792,4,282.49
793,5,449.0
794,4,263.28
795,3,571.66
796,2,53.08
797,5,370.55
798,3,38.28
799,3,513.41
800,5,605.15
801,2,308.77
802,2,32.18
803,4,893.43
804,1,19.52
805,2,392.32
806,3,216.28
807,1,91.0
808,1,30.63
809,3,471.3
810,1,80.57
811,2,287.6
812,5,346.16
813,5,570.09
814,1,118.25
815,1,13.31
816,3,271.56
817,2,162.19
818,5,273.21
819,2,101.86
820,2,392.7
821,2,321.19
822,5,196.79
823,2,359.25
824,5,929.65
825,4,698.4
826,2,116.39
827,5,903.4
828,1,100.69
829,5,801.36
830,5,236.41
831,3,222.08
832,3,478.91
833,2,340.78
834,4,778.59
835,4,169.8
836,2,390.62
837,1,140.35
838,3,233.69
839,4,628.87
840,3,486.3
841,1,189.55
842,2,195.46
843,5,528.57
844,3,337.24
845,1,146.57
846,1,143.33
847,3,136.22
848,3,97.21
849,3,215.06
850,2,276.72
851,3,246.85
852,4,751.13
853,2,314.23
854,3,584.41
855,4,762.13
856,4,558.99
857,4,335.06
858,3,575.26
859,4,451.78
860,4,77.76
861,2,271.56
862,3,432.89
863,3,69.85
864,2,60.95
865,5,129.7
866,5,292.28
867,1,119.62
868,3,288.74
869,3,137.26
870,5,717.87
871,1,12.46
872,4,214.03
873,4,660.62
874,1,152.68
875,1,171.47
876,3,549.45
877,2,283.64
878,3,255.5
879,3,140.83
880,2,373.4
881,3,343.9
882,1,154.99
883,3,277.44
884,4,610.75
885,2,391.69
886,3,457.05
887,3,87.22
888,5,236.02
889,2,312.92
890,1,145.69
891,4,198.23
892,1,177.83
893,2,203.69
894,3,405.36
895,1,127.43
896,5,457.04
897,3,85.37
898,4,92.74
899,1,157.74
900,1,33.49
901,2,29.19
902,5,486.51
903,3,547.42
904,1,70.85
905,1,193.54
906,4,717.62
907,4,568.15
908,1,233.38
909,4,179.51
910,4,469.66
911,2,111.11
912,5,96.99
913,2,217.72
914,5,355.5
915,1,74.12
916,1,196.09
917,1,61.46
918,1,109.93
919,5,645.74
920,3,159.76
921,1,20.06
922,2,341.54
923,2,265.1
924,4,452.1
925,3,436.88
926,3,502.87
927,5,149.15
928,5,64.57
929,2,146.84
930,4,326.12
931,3,250.0
932,4,284.64
933,3,527.43
934,2,270.67
935,5,359.59
936,4,247.73
937,4,763.58
938,5,156.66
939,1,188.81
940,1,57.02
941,3,486.04
942,2,152.6
943,2,316.82
944,1,88.67
945,4,206.82
946,5,340.52
947,5,358.79
948,2,359.93
949,3,283.34
950,5,876.3
951,5,58.09
952,2,69.52
953,4,694.84
954,3,40.26
955,5,716.71
956,4,133.75
957,3,63.84
958,5,493.17
959,1,124.44
960,1,105.79
961,3,543.27
962,5,359.05
963,2,291.33
964,4,472.65
965,4,499.83
966,4,658.4
967,3,435.76
968,2,162.28
969,3,591.88
970,1,74.69
971,5,301.64
972,3,340.72
973,2,293.65
974,4,482.05
975,1,145.47
976,5,325.59
977,2,287.8
978,5,50.95
979,5,576.7
980,2,196.26
981,4,228.28
982,5,561.56
983,1,139.19
984,3,581.72
985,1,136.68
986,4,214.24
987,4,113.13
988,5,440.92
989,1,62.94
990,2,135.88
991,2,118.17
992,1,159.83
993,4,88.59
994,5,700.72
995,5,602.2
996,1,15.71
997,3,160.85
998,1,134.56
999,5,576.88
1000,1,74.64
1001,3,319.29
1002,5,551.41
1003,1,30.77
1004,4,380.28
1005,3,129.15
1006,2,244.74
1007,5,915.64
1008,4,646.44
1009,4,197.79
1010,2,162.28
1011,2,105.1
1012,3,97.7
1013,2,129.14
1014,3,463.64
1015,5,822.17
1016,1,142.31
1017,3,302.03
1018,4,207.31
1019,2,134.73
1020,1,78.99
1021,1,192.44
1022,3,303.26
1023,1,154.06
1024,2,320.31
1025,4,159.31
1026,4,192.79
1027,1,150.38
1028,2,168.1
1029,1,46.24
1030,4,217.38
1031,5,948.39
1032,1,167.28
1033,1,191.92
1034,1,84.16
1035,2,136.99
1036,3,465.76
1037,3,497.19
1038,2,224.96
1039,2,381.82
1040,5,494.09
1041,3,525.67
1042,1,29.85
1043,5,757.34
1044,1,17.02
1045,2,381.84
1046,3,147.88
1047,3,599.58
1048,1,99.7
1049,1,122.9
1050,3,312.07
1051,3,779.02
1052,5,183.47
1053,4,685.36
1054,3,273.13
1055,3,471.61
1056,3,307.44
1057,1,148.26
1058,2,347.2
1059,3,80.8
1060,5,479.74
1061,2,250.7
1062,1,133.67
1063,5,671.76
1064,1,71.82
1065,2,77.19
1066,1,93.63
1067,3,302.99
1068,4,581.16
1069,2,85.95
1070,5,550.91
1071,3,144.99
1072,4,396.75
1073,3,132.99
1074,3,512.84
1075,2,115.3
1076,4,669.8
1077,4,518.26
1078,5,169.13
1079,3,480.06
1080,2,166.14
1081,2,36.62
1082,3,564.68
1083,4,686.88
1084,3,292.58
1085,2,166.15
1086,3,232.28
1087,4,447.85
1088,4,480.7
1089,4,583.82
1090,5,928.62
1091,4,621.0
1092,5,808.18
1093,3,438.73
1094,4,292.21
1095,1,84.58
1096,4,445.66
1097,1,37.37
1098,2,122.92
1099,5,700.19
1100,5,445.98
1101,1,36.34
1102,5,776.41
1103,2,61.2
1104,1,193.64
1105,4,796.43
1106,2,49.89
1107,4,424.45
1108,2,224.72
1109,3,541.96
1110,4,337.29
1111,3,503.28
1112,2,322.27
1113,3,283.36
1114,3,524.52
1115,3,194.08
1116,2,255.95
1117,1,45.76
1118,3,568.36
1119,3,112.6
1120,2,194.99
1121,3,581.69
1122,2,332.5
1123,5,996.99
1124,4,571.64
1125,1,44.1
1126,4,657.31
1127,1,66.51
1128,2,36.69
1129,5,890.15
1130,4,569.15
1131,2,147.02
1132,5,305.68
1133,3,560.83
1134,5,559.1
1135,2,175.44
1136,4,532.55
1137,2,260.7
1138,4,293.83
1139,2,31.12
1140,2,289.22
1141,5,433.77
1142,5,453.23
1143,2,256.54
1144,4,382.27
1145,1,88.21
1146,2,304.52
1147,3,443.17
1148,5,872.38
1149,3,146.38
1150,5,710.36
1151,2,161.18
1152,3,425.6
1153,3,242.41
1154,2,158.93
1155,5,465.86
1156,3,59.98
1157,4,376.84
1158,1,171.61
1159,2,275.93
1160,1,177.82
1161,2,144.65
1162,2,332.86
1163,4,127.8
1164,2,328.03
1165,4,388.05
1166,1,141.12
1167,2,95.48
1168,4,621.78
1169,1,96.61
1170,3,133.68
1171,2,176.0
1172,2,139.7
1173,2,296.88
1174,5,393.24
1175,5,124.67
1176,2,216.79
1177,3,177.29
1178,4,154.52
1179,2,265.96
1180,4,272.55
1181,2,338.99
1182,1,38.89
1183,3,331.45
1184,5,1244.05
1185,3,233.6
1186,1,57.39
1187,2,282.12
1188,5,145.08
1189,4,748.46
1190,1,48.68
1191,3,350.46
1192,3,30.82
1193,5,69.95
1194,3,266.95
1195,1,350.67
1196,5,739.47
1197,5,65.62
1198,4,691.48
1199,4,52.43
1200,2,309.15
1201,1,99.4
1202,3,398.08
1203,5,905.03
1204,1,69.02
1205,2,356.31
1206,5,563.94
1207,1,61.75
1208,5,405.15
1209,4,217.21
1210,5,188.09
1211,1,79.31
1212,4,568.96
1213,5,332.13
1214,5,197.48
1215,1,14.63
1216,5,508.1
1217,5,968.9
1218,1,147.12
1219,3,306.63
1220,4,329.7
1221,1,71.39
1222,2,352.5
1223,5,351.73
1224,3,450.99
1225,3,178.47
1226,3,204.18
1227,3,976.11
1228,3,352.21
1229,1,97.24
1230,2,140.74
1231,3,466.94
1232,5,74.26
1233,3,273.6
1234,2,309.68
1235,4,403.56
1236,1,84.22
1237,3,59.9
1238,3,362.42
1239,2,251.72
1240,5,493.52
1241,4,375.74
1242,1,26.43
1243,4,798.02
1244,3,457.28
1245,1,150.71
1246,4,369.68
1247,4,85.05
1248,3,466.83
1249,2,258.16
1250,4,708.52
1251,5,147.21
1252,1,118.76
1253,4,375.61
1254,3,212.81
1255,2,147.2
1256,3,99.57
1257,1,167.83
1258,5,856.27
1259,1,45.39
1260,3,450.34
1261,3,514.54
1262,1,23.57
1263,1,160.95
1264,2,79.51
1265,1,183.68
1266,3,335.47
1267,3,76.8
1268,5,138.6
1269,2,374.29
1270,4,526.17
1271,5,961.18
1272,5,667.68
1273,4,564.85
1274,4,557.69
1275,5,107.48
1276,4,344.58
1277,3,94.91
1278,4,216.15
1279,3,371.24
1280,4,73.99
1281,1,85.93
1282,3,57.8
1283,5,789.79
1284,2,203.68
1285,4,503.86
1286,3,706.8
1287,4,543.32
1288,5,160.06
1289,4,296.91
1290,5,618.17
1291,3,103.92
1292,3,595.64
1293,2,43.97
1294,1,86.02
1295,2,364.04
1296,2,226.05
1297,4,790.33
1298,4,540.6
1299,4,571.91
1300,1,175.54
1301,5,555.88
1302,2,190.57
1303,1,99.35
1304,4,712.35
1305,1,77.3
1306,5,833.88
1307,3,281.0
1308,3,481.15
1309,3,457.21
1310,1,124.4
1311,4,395.73
1312,5,324.23
1313,4,541.55
1314,4,187.96
1315,3,575.0
1316,5,603.78
1317,5,411.93
1318,1,192.62
1319,3,240.84
1320,4,604.69
1321,2,394.77
1322,3,342.88
1323,2,121.48
1324,5,728.99
1325,2,119.22
1326,1,17.83
1327,5,378.46
1328,1,165.09
1329,2,136.65
1330,4,670.7
1331,1,95.99
1332,2,169.33
1333,4,230.44
1334,5,827.38
1335,1,28.81
1336,2,306.9
1337,4,771.62
1338,3,403.75
1339,5,712.41
1340,2,380.46
1341,3,481.8
1342,3,363.56
1343,1,99.37
1344,1,184.61
1345,3,175.97
1346,1,72.71
1347,1,122.04
1348,3,537.65
1349,1,92.75
1350,4,225.57
1351,3,403.85
1352,4,392.59
1353,2,185.23
1354,5,282.04
1355,3,459.9
1356,5,796.53
1357,4,701.73
1358,1,10.45
1359,5,763.98
1360,1,57.35
1361,5,545.66
1362,3,555.08
1363,1,80.47
1364,3,466.53
1365,5,355.44
1366,5,97.3
1367,4,786.14
1368,3,383.4
1369,2,346.12
1370,3,129.24
1371,1,81.73
1372,3,280.29
1373,2,330.42
1374,2,98.77
1375,4,271.87
1376,3,380.78
1377,2,127.09
1378,1,15.93
1379,4,596.26
1380,5,270.9
1381,5,580.03
1382,2,98.12
1383,1,48.84
1384,3,74.07
1385,1,16.43
1386,4,303.5
1387,5,231.73
1388,1,39.55
1389,2,283.6
1390,4,1107.27
1391,4,487.64
1392,2,278.8
1393,2,216.26
1394,5,886.32
1395,4,470.53
1396,4,760.22
1397,1,107.64
1398,2,130.8
1399,5,787.98
1400,1,194.63
1401,5,583.94
1402,5,619.27
1403,5,375.82
1404,4,570.59
1405,1,28.39
1406,5,171.46
1407,1,179.52
1408,5,244.16
1409,3,206.49
1410,2,21.59
1411,4,578.15
1412,1,184.61
1413,2,105.25
1414,5,794.88
1415,4,599.24
1416,3,422.3
1417,2,327.11
1418,2,337.6
1419,1,163.45
1420,1,52.73
1421,5,704.83
1422,4,379.05
1423,4,117.75
1424,5,817.6
1425,4,707.93
1426,2,164.59
1427,2,294.32
1428,3,522.05
1429,1,129.68
1430,2,370.75
1431,3,578.69
1432,3,590.13
1433,4,296.32
1434,3,376.53
1435,3,413.34
1436,5,169.9
1437,2,129.36
1438,1,172.36
1439,2,361.05
1440,2,228.87
1441,1,137.92
1442,1,51.47
1443,2,358.74
1444,1,153.98
1445,4,641.73
1446,1,133.15
1447,4,499.62
1448,5,451.4
1449,5,648.67
1450,4,511.11
1451,5,929.98
1452,1,95.77
1453,5,151.14
1454,5,390.38
1455,4,711.09
1456,2,318.05
1457,3,182.42
1458,4,518.57
1459,2,360.1
1460,3,59.77
1461,1,103.36
1462,4,612.67
1463,2,227.22
1464,4,406.19
1465,3,216.77
1466,2,99.88
1467,4,376.21
1468,2,397.88
1469,5,898.1
1470,1,96.08
1471,1,313.62
1472,1,186.71
1473,3,256.4
1474,1,99.83
1475,1,116.35
1476,2,248.88
1477,3,60.65
1478,5,779.43
1479,1,118.94
1480,2,144.11
1481,5,779.65
1482,3,483.13
1483,4,107.57
1484,5,364.0
1485,1,175.28
1486,4,631.0
1487,2,739.49
1488,4,467.98
1489,3,387.23
1490,2,336.4
1491,3,499.24
1492,4,214.26
1493,3,325.69
1494,3,405.34
1495,5,579.7
1496,5,517.51
1497,1,12.34
1498,4,472.0
1499,4,672.86
1500,3,114.12
1501,1,29.75
1502,3,165.7
1503,1,96.25
1504,1,66.4
1505,5,73.51
1506,4,1219.56
1507,2,195.35
1508,5,333.4
1509,1,130.48
1510,5,322.67
1511,1,110.08
1512,4,409.99
1513,1,37.62
1514,1,119.54
1515,1,72.55
1516,4,708.01
1517,3,565.71
1518,2,70.28
1519,1,172.68
1520,5,996.19
1521,5,549.84
1522,3,318.74
1523,3,395.62
1524,3,577.69
1525,4,545.25
1526,5,844.48
1527,3,452.37
1528,4,197.56
1529,5,932.39
1530,5,477.94
1531,2,206.64
1532,4,561.41
1533,4,611.11
1534,5,694.78
1535,1,137.13
1536,5,696.01
1537,4,252.66
1538,2,317.66
1539,2,118.92
1540,1,45.11
1541,1,130.47
1542,5,348.38
1543,3,425.98
1544,4,516.5
1545,2,54.45
1546,1,33.36
1547,5,966.72
1548,2,248.76
1549,5,830.98
1550,5,73.28
1551,1,153.84
1552,1,173.02
1553,2,104.64
1554,4,59.14
1555,5,783.95
1556,3,330.5
1557,2,163.7
1558,1,149.25
1559,5,88.79
1560,2,69.83
1561,5,426.71
1562,2,333.53
1563,4,427.19
1564,3,243.58
1565,2,316.35
1566,1,55.45
1567,1,71.42
1568,3,469.78
1569,4,197.94
1570,5,298.07
1571,1,24.54
1572,1,169.74
1573,1,154.47
1574,1,199.25
1575,5,995.32
1576,2,137.3
1577,4,661.84
1578,4,762.94
1579,5,79.29
1580,2,367.86
1581,3,285.16
1582,1,166.11
1583,4,1057.17
1584,4,608.01
1585,2,34.03
1586,2,338.34
1587,4,82.76
1588,5,126.62
1589,5,766.86
1590,5,516.1
1591,2,88.26
1592,5,249.11
1593,4,54.43
1594,1,134.22
1595,3,484.44
1596,2,250.13
1597,3,455.03
1598,2,344.19
1599,3,556.09
1600,2,269.33
1601,1,181.2
1602,2,345.25
1603,4,542.23
1604,4,164.48
1605,5,813.18
1606,1,131.46
1607,4,326.51
1608,3,109.14
1609,1,165.84
1610,3,310.23
1611,1,132.59
1612,2,112.93
1613,4,734.19
1614,2,254.24
1615,3,490.67
1616,4,283.03
1617,2,130.83
1618,4,707.93
1619,3,431.65
1620,3,287.44
1621,1,84.43
1622,1,47.12
1623,4,461.6
1624,4,201.15
1625,2,118.02
1626,4,730.34
1627,4,582.34
1628,3,463.02
1629,1,117.02
1630,4,87.38
1631,2,78.02
1632,2,40.14
1633,2,276.99
1634,5,931.52
1635,4,220.34
1636,2,439.06
1637,1,13.73
1638,4,497.77
1639,2,357.01
1640,3,351.61
1641,5,682.89
1642,2,196.73
1643,1,135.02
1644,4,766.17
1645,1,83.32
1646,4,770.87
1647,1,188.61
1648,1,174.42
1649,3,73.05
1650,3,43.49
1651,1,73.26
1652,3,499.49
1653,4,741.86
1654,2,323.63
1655,2,295.3
1656,4,221.63
1657,1,75.75
1658,1,187.9
1659,1,37.07
1660,2,245.38
1661,1,146.33
1662,3,390.22
1663,4,465.09
1664,5,478.95
1665,1,68.84
1666,1,147.37
1667,5,835.32
1668,2,197.81
1669,1,22.53
1670,4,46.62
1671,2,296.33
1672,1,55.98
1673,5,824.85
1674,4,690.88
1675,3,297.96
1676,4,740.01
1677,5,815.53
1678,4,354.97
1679,4,493.69
1680,1,12.38
1681,5,736.25
1682,1,82.7
1683,5,252.24
1684,3,560.97
1685,2,24.98
1686,4,773.58
1687,1,92.11
1688,5,253.05
1689,2,249.28
1690,5,421.28
1691,2,108.74
1692,4,1026.13
1693,3,218.59
1694,4,533.71
1695,2,36.95
1696,3,184.75
1697,1,176.89
1698,3,270.27
1699,1,108.42
1700,3,111.47
1701,3,323.87
1702,5,209.41
1703,3,465.89
1704,3,445.13
1705,5,1562.95
1706,1,141.31
1707,3,328.59
1708,4,579.12
1709,4,720.08
1710,1,85.68
1711,2,331.22
1712,4,623.15
1713,2,26.94
1714,3,173.93
1715,1,163.51
1716,4,472.4
1717,1,199.5
1718,2,364.91
1719,3,45.27
1720,1,70.1
1721,5,262.94
1722,2,311.89
1723,5,690.27
1724,2,51.49
1725,3,127.25
1726,2,149.62
1727,1,96.48
1728,3,54.92
1729,5,650.78
1730,1,47.37
1731,4,505.6
1732,1,26.69
1733,4,42.81
1734,2,78.75
1735,1,150.64
1736,3,148.76
1737,2,254.35
1738,3,342.02
1739,2,193.94
1740,2,289.97
1741,1,177.14
1742,1,159.99
1743,4,581.17
1744,4,663.65
1745,3,566.0
1746,1,140.84
1747,3,582.4
1748,4,544.27
1749,3,186.29
1750,5,404.21
1751,4,635.0
1752,2,44.39
1753,2,78.25
1754,3,143.54
1755,2,285.4
1756,5,628.97
1757,2,210.31
1758,1,113.01
1759,3,84.34
1760,4,581.07
1761,5,631.75
1762,4,662.18
1763,4,270.5
1764,1,171.73
1765,3,167.66
1766,2,119.7
1767,1,107.75
1768,4,339.79
1769,2,312.77
1770,3,85.04
1771,1,50.79
1772,1,143.74
1773,1,82.29
1774,4,631.4
1775,5,558.24
1776,5,753.42
1777,2,73.7
1778,4,305.61
1779,2,165.73
1780,4,350.05
1781,3,331.4
1782,1,85.52
1783,5,564.75
1784,5,976.0
1785,1,12.61
1786,3,362.15
1787,2,138.85
1788,3,575.03
1789,1,167.76
1790,1,100.37
1791,3,351.62
1792,4,479.19
1793,4,643.69
1794,5,708.72
1795,2,303.25
1796,1,105.75
1797,1,93.1
1798,4,94.96
1799,3,85.3
1800,1,69.86
1801,4,505.5
1802,1,95.67
1803,2,45.37
1804,5,222.23
1805,3,284.4
1806,5,975.97
1807,5,183.84
1808,4,687.61
1809,5,71.61
1810,5,976.33
1811,4,668.57
1812,4,380.42
1813,3,468.34
1814,5,610.36
1815,4,645.19
1816,1,85.97
1817,4,702.15
1818,5,217.34
1819,2,48.67
1820,5,98.82
1821,5,669.05
1822,5,738.22
1823,5,614.51
1824,4,693.41
1825,5,826.5
1826,2,784.71
1827,2,363.82
1828,5,792.07
1829,3,376.25
1830,4,610.89
1831,1,43.42
1832,1,37.2
1833,1,154.47
1834,5,61.33
1835,4,137.63
1836,4,450.66
1837,5,403.51
1838,4,226.45
1839,5,414.37
1840,2,393.51
1841,3,397.29
1842,2,226.73
1843,3,335.1
1844,1,178.14
1845,4,365.26
1846,4,515.06
1847,3,128.32
1848,3,224.47
1849,2,126.32
1850,2,72.43
1851,5,161.14
1852,4,92.01
1853,3,483.28
1854,5,216.37
1855,1,174.39
1856,5,422.43
1857,3,171.32
1858,4,200.75
1859,1,194.18
1860,4,609.37
1861,2,72.22
1862,4,354.35
1863,2,399.16
1864,3,401.18
1865,5,227.0
1866,3,394.2
1867,4,610.54
1868,3,271.1
1869,1,90.91
1870,3,219.54
1871,4,431.53
1872,3,217.75
1873,1,80.57
1874,1,42.23
1875,3,440.92
1876,4,270.75
1877,5,898.34
1878,1,89.26
1879,2,130.31
1880,1,138.33
1881,3,382.34
1882,2,383.1
1883,2,180.99
1884,3,187.61
1885,1,154.2
1886,3,277.27
1887,4,471.41
1888,3,51.3
1889,4,774.27
1890,4,566.34
1891,3,206.69
1892,2,326.31
1893,1,102.73
1894,2,246.33
1895,1,40.86
1896,5,861.21
1897,4,665.93
1898,1,97.02
1899,4,781.14
1900,5,330.86
1901,2,70.98
1902,1,89.98
1903,5,986.59
1904,1,52.31
1905,5,517.48
1906,5,860.8
1907,1,10.48
1908,5,756.47
1909,2,274.59
1910,1,122.58
1911,5,288.82
1912,3,525.79
1913,2,74.18
1914,4,756.84
1915,2,339.01
1916,5,538.53
1917,2,121.51
1918,4,600.04
1919,5,716.89
1920,2,26.32
1921,4,152.14
1922,3,510.88
1923,3,177.51
1924,3,335.57
1925,1,29.97
1926,3,97.31
1927,5,706.12
1928,1,35.69
1929,1,120.02
1930,5,206.64
1931,4,108.12
1932,4,469.75
1933,2,39.73
1934,3,196.19
1935,1,101.69
1936,4,654.35
1937,2,349.83
1938,1,150.73
1939,3,223.82
1940,4,315.92
1941,2,31.78
1942,4,232.76
1943,2,92.44
1944,1,95.92
1945,3,198.65
1946,3,343.53
1947,1,75.85
1948,2,144.71
1949,2,76.68
1950,1,61.96
1951,2,267.28
1952,2,176.11
1953,5,597.88
1954,1,121.23
1955,5,473.33
1956,5,124.2
1957,2,158.54
1958,1,142.24
1959,1,38.69
1960,2,329.74
1961,3,204.19
1962,3,125.65
1963,2,351.92
1964,3,62.07
1965,4,764.94
1966,1,145.25
1967,1,105.93
1968,2,236.41
1969,5,131.69
1970,3,228.16
1971,4,761.8
1972,3,193.56
1973,4,203.72
1974,5,313.15
1975,3,597.56
1976,3,191.56
1977,3,73.05
1978,4,537.72
1979,2,129.07
1980,2,89.63
1981,5,180.32
1982,2,683.57
1983,4,495.37
1984,3,431.21
1985,1,133.49
1986,2,33.99
1987,2,145.33
1988,1,194.52
1989,3,253.65
1990,5,323.2
1991,3,72.78
1992,1,23.1
1993,4,406.61
1994,4,635.59
1995,5,793.18
1996,4,107.67
1997,5,637.28
1998,5,713.58
1999,3,323.39
2000,5,742.77
2001,4,296.11
2002,5,147.82
2003,3,35.48
2004,2,358.58
2005,1,86.35
2006,2,141.8
2007,3,567.87
2008,4,144.46
2009,4,337.11
2010,1,289.03
2011,5,456.74
2012,3,553.09
2013,5,691.15
2014,4,539.78
2015,3,84.74
2016,3,173.21
2017,4,283.31
2018,2,206.34
2019,2,196.82
2020,5,381.92
2021,3,301.27
2022,2,251.8
2023,1,25.3
2024,1,119.9
2025,3,494.47
2026,5,424.51
2027,4,782.35
2028,4,337.84
2029,3,521.92
2030,1,94.1
2031,2,264.01
2032,3,182.12
2033,2,158.51
2034,1,100.39
2035,4,211.76
2036,4,443.86
2037,3,127.11
2038,4,570.42
2039,5,372.28
2040,1,168.3
2041,2,331.69
2042,5,658.05
2043,1,100.92
2044,2,20.16
2045,2,161.48
2046,4,111.95
2047,1,136.08
2048,5,534.38
2049,1,145.38
2050,1,124.89
2051,1,199.31
2052,5,977.74
2053,4,552.06
2054,4,521.07
2055,3,222.42
2056,3,352.63
2057,1,149.27
2058,1,124.68
2059,2,368.07
2060,4,534.77
2061,1,74.72
2062,5,556.34
2063,5,350.13
2064,2,374.91
2065,3,368.81
2066,5,907.76
2067,4,275.21
2068,1,146.06
2069,1,114.24
2070,1,113.28
2071,2,208.83
2072,5,328.4
2073,2,176.24
2074,5,377.19
2075,1,125.36
2076,2,265.36
2077,3,196.01
2078,5,516.76
2079,2,136.8
2080,5,931.4
2081,1,185.0
2082,3,566.92
2083,4,737.38
2084,1,95.8
2085,2,141.37
2086,1,150.25
2087,3,77.83
2088,3,80.19
2089,5,701.61
2090,1,43.8
2091,5,717.98
2092,2,29.0
2093,5,315.11
2094,5,567.31
2095,2,138.01
2096,2,365.76
2097,5,485.88
2098,3,494.25
2099,1,34.82
2100,1,84.57
2101,3,455.97
2102,1,95.55
2103,5,898.79
2104,3,229.33
2105,4,769.97
2106,2,301.33
2107,5,835.75
2108,2,196.04
2109,4,673.58
2110,5,896.8
2111,1,184.47
2112,2,230.24
2113,4,280.92
2114,5,193.88
2115,2,386.49
2116,1,146.19
2117,3,205.71
2118,1,86.74
2119,1,129.13
2120,2,227.12
2121,3,93.31
2122,4,123.61
2123,4,103.06
2124,1,159.61
2125,4,237.5
2126,1,106.96
2127,3,32.89
2128,3,412.52
2129,4,78.35
2130,2,58.69
2131,2,223.56
2132,5,144.09
2133,1,136.02
2134,2,252.15
2135,2,340.06
2136,4,747.96
2137,1,76.49
2138,1,178.05
2139,4,784.89
2140,3,766.4
2141,3,374.84
2142,3,141.96
2143,3,258.12
2144,1,141.4
2145,4,371.42
2146,4,878.03
2147,3,197.24
2148,2,97.47
2149,5,569.87
2150,3,96.21
2151,5,85.47
2152,4,769.27
2153,5,957.7
2154,2,45.07
2155,4,175.38
2156,4,574.82
2157,1,57.79
2158,3,206.03
2159,4,190.24
2160,5,75.82
2161,1,49.12
2162,2,289.18
2163,2,203.82
2164,2,217.46
2165,4,645.04
2166,4,700.01
2167,3,565.91
2168,5,843.18
2169,5,807.2
2170,1,44.52
2171,5,375.03
2172,3,291.25
2173,2,183.92
2174,1,38.77
2175,5,840.04
2176,4,509.2
2177,1,194.4
2178,4,792.08
2179,2,272.57
2180,1,47.8
2181,5,987.67
2182,1,92.09
2183,3,457.46
2184,5,416.65
2185,2,378.76
2186,3,214.85
2187,5,949.69
2188,2,223.77
2189,1,136.95
2190,1,61.47
2191,2,531.85
2192,1,175.29
2193,1,122.64
2194,4,44.07
2195,2,287.75
2196,5,258.37
2197,1,143.39
2198,4,762.35
2199,1,161.53
2200,3,574.12
2201,1,131.15
2202,5,908.21
2203,5,888.95
2204,1,67.56
2205,2,255.93
2206,4,390.43
2207,5,902.0
2208,1,145.95
2209,5,802.42
2210,2,210.76
2211,5,981.69
2212,5,65.23
2213,4,600.14
2214,4,640.71
2215,3,535.69
2216,3,365.85
2217,3,197.43
2218,3,350.7
2219,3,402.81
2220,5,375.77
2221,3,508.01
2222,3,395.42
2223,2,158.06
2224,2,145.13
2225,5,331.99
2226,4,157.35
2227,4,671.42
2228,3,598.53
2229,1,166.71
2230,2,340.57
2231,1,38.58
2232,3,296.94
2233,1,117.28
2234,2,85.39
2235,3,279.08
2236,5,113.68
2237,2,294.19
2238,3,411.59
2239,3,50.76
2240,3,435.86
2241,5,844.41
2242,5,274.35
2243,1,10.28
2244,2,31.21
2245,1,58.3
2246,4,631.59
2247,3,95.63
2248,4,293.1
2249,3,355.03
2250,2,149.37
2251,3,472.39
2252,5,951.96
2253,1,138.81
2254,2,68.05
2255,1,146.45
2256,4,397.52
2257,2,62.59
2258,5,403.86
2259,4,46.78
2260,3,66.84
2261,5,460.22
2262,4,252.48
2263,2,79.89
2264,4,189.52
2265,4,56.03
2266,4,80.62
2267,5,321.28
2268,5,67.65
2269,2,133.96
2270,2,229.39
2271,3,559.58
2272,3,38.59
2273,5,734.29
2274,5,692.59
2275,3,496.46
2276,4,208.03
2277,5,737.09
2278,1,121.22
2279,3,76.95
2280,2,252.17
2281,5,513.05
2282,1,17.91
2283,2,240.27
2284,1,80.27
2285,5,669.07
2286,3,432.53
2287,2,89.62
2288,3,378.46
2289,1,53.81
2290,1,169.16
2291,4,116.05
2292,2,379.29
2293,1,149.42
2294,5,669.56
2295,3,266.41
2296,3,589.35
2297,2,399.61
2298,1,57.32
2299,2,30.19
2300,2,376.01
2301,5,937.36
2302,5,829.81
2303,5,535.15
2304,5,599.38
2305,5,147.81
2306,5,997.71
2307,4,493.97
2308,2,266.0
2309,5,387.19
2310,3,232.08
2311,1,165.81
2312,5,601.36
2313,2,287.53
2314,1,96.43
2315,4,75.37
2316,5,671.75
2317,2,247.95
2318,4,714.44
2319,4,77.35
2320,5,877.65
2321,5,175.52
2322,1,139.43
2323,2,66.32
2324,2,240.22
2325,1,66.12
2326,4,85.31
2327,5,618.17
2328,2,227.32
2329,5,85.37
2330,5,768.16
2331,1,195.69
2332,2,346.38
2333,5,306.93
2334,1,154.44
2335,3,250.51
2336,1,94.4
2337,5,581.52
2338,3,405.89
2339,1,47.17
2340,4,725.04
2341,3,401.66
2342,3,134.79
2343,1,72.9
2344,2,169.66
2345,3,456.55
2346,2,381.75
2347,1,18.49
2348,2,393.47
2349,2,444.44
2350,3,591.21
2351,3,590.76
2352,1,198.93
2353,1,71.58
2354,2,210.27
2355,2,302.13
2356,1,38.64
2357,2,53.25
2358,5,155.97
2359,4,513.37
2360,5,75.94
2361,2,348.02
2362,5,704.72
2363,5,79.2
2364,5,946.3
2365,3,506.64
2366,4,1163.51
2367,2,48.76
2368,2,337.77
2369,2,392.9
2370,2,360.35
2371,5,148.66
2372,2,226.85
2373,2,171.8
2374,4,635.42
2375,1,68.35
2376,5,400.51
2377,1,137.7
2378,5,831.35
2379,2,382.83
2380,3,123.54
2381,3,334.25
2382,3,285.57
2383,5,502.25
2384,4,361.24
2385,1,82.69
2386,2,241.57
2387,5,98.57
2388,2,338.11
2389,1,60.13
2390,5,333.49
2391,3,321.3
2392,5,810.48
2393,2,210.03
2394,1,162.58
2395,2,346.91
2396,3,172.8
2397,3,153.46
2398,3,274.76
2399,5,378.45
2400,4,788.06
2401,1,170.9
2402,1,174.22
2403,1,45.5
2404,4,696.06
2405,2,30.62
2406,3,164.83
2407,2,59.76
2408,1,153.61
2409,3,534.18
2410,3,156.65
2411,1,112.16
2412,1,105.66
2413,5,201.25
2414,5,915.4
2415,5,515.49
2416,1,122.97
2417,5,301.12
2418,5,694.47
2419,2,252.99
2420,5,366.74
2421,2,42.0
2422,3,82.71
2423,4,544.1
2424,1,96.6
2425,2,283.7
2426,3,365.38
2427,1,40.46
2428,1,56.22
2429,1,183.38
2430,2,154.08
2431,1,96.17
2432,1,125.59
2433,2,190.05
2434,5,254.06
2435,3,547.5
2436,4,692.9
2437,4,127.94
2438,1,191.13
2439,1,145.85
2440,5,59.42
2441,2,137.87
2442,5,53.9
2443,4,232.29
2444,4,503.76
2445,2,208.93
2446,1,195.65
2447,2,388.73
2448,1,121.59
2449,5,662.7
2450,5,391.81
2451,5,476.92
2452,1,176.12
2453,3,225.45
2454,4,275.19
2455,1,100.25
2456,4,388.32
2457,3,476.95
2458,5,212.32
2459,3,239.12
2460,1,156.26
2461,4,198.28
2462,2,137.69
2463,4,77.41
2464,1,30.69
2465,5,531.49
2466,3,504.16
2467,3,351.15
2468,5,759.32
2469,1,160.98
2470,2,261.62
2471,2,135.79
2472,5,807.17
2473,1,115.37
2474,3,283.0
2475,4,70.1
2476,3,32.25
2477,3,209.71
2478,3,147.06
2479,1,33.15
2480,5,790.4
2481,4,602.33
2482,4,674.76
2483,1,140.92
2484,5,272.84
2485,3,444.43
2486,2,295.34
2487,2,72.31
2488,2,167.99
2489,2,158.91
2490,2,91.91
2491,5,350.78
2492,1,34.26
2493,4,325.82
2494,1,31.28
2495,3,453.09
2496,1,66.95
2497,1,95.06
2498,3,381.77
2499,4,77.39
2500,5,392.63
2501,2,137.54
2502,1,133.99
2503,5,525.93
2504,4,264.59
2505,1,35.28
2506,3,579.88
2507,4,564.58
2508,5,541.88
2509,4,525.96
2510,1,27.67
2511,3,484.48
2512,3,596.33
2513,2,354.67
2514,4,710.56
2515,3,349.36
2516,2,22.2
2517,1,113.9
2518,4,141.39
2519,4,460.24
2520,2,316.63
2521,1,94.15
2522,3,550.13
2523,5,795.53
2524,2,76.86
2525,4,121.32
2526,5,242.94
2527,5,421.57
2528,5,159.96
2529,4,792.97
2530,2,204.79
2531,2,345.12
2532,4,177.06
2533,2,301.37
2534,2,342.87
2535,4,727.48
2536,3,65.42
2537,4,531.07
2538,3,274.36
2539,5,494.07
2540,2,36.34
2541,5,192.13
2542,4,573.18
2543,3,429.73
2544,3,100.43
2545,3,165.24
2546,1,125.54
2547,4,457.16
2548,1,170.28
2549,3,125.51
2550,3,258.79
2551,2,152.85
2552,5,705.41
2553,4,638.37
2554,1,131.67
2555,5,248.46
2556,5,534.04
2557,2,82.87
2558,2,175.87
2559,5,166.9
2560,5,978.03
2561,2,67.92
2562,1,64.4
2563,4,408.33
2564,5,604.47
2565,2,65.3
2566,4,674.03
2567,3,185.48
2568,5,64.6
2569,2,343.15
2570,5,908.43
2571,2,102.16
2572,1,108.24
2573,2,21.53
2574,4,638.79
2575,1,65.47
2576,1,64.07
2577,1,23.02
2578,3,44.9
2579,1,72.98
2580,5,647.67
2581,3,65.07
2582,4,684.48
2583,1,155.74
2584,2,526.18
2585,1,20.42
2586,3,259.55
2587,3,156.65
2588,3,565.12
2589,2,65.91
2590,4,758.29
2591,5,417.22
2592,5,792.41
2593,4,148.93
2594,1,122.13
2595,5,376.13
2596,1,196.59
2597,2,152.29
2598,3,496.88
2599,1,181.31
2600,1,74.84
2601,5,56.37
2602,1,74.87
2603,5,708.72
2604,4,583.01
2605,4,119.38
2606,4,169.29
2607,1,156.95
2608,3,178.11
2609,4,140.42
2610,4,159.4
2611,3,146.28
2612,4,350.56
2613,5,747.4
2614,5,310.01
2615,3,359.85
2616,2,236.13
2617,3,307.96
2618,2,142.67
2619,1,84.43
2620,4,309.01
2621,1,180.12
2622,4,222.03
2623,2,121.76
2624,3,320.88
2625,5,316.19
2626,1,153.14
2627,1,118.4
2628,3,35.27
2629,3,114.64
2630,3,104.62
2631,3,341.87
2632,2,68.4
2633,1,198.1
2634,2,158.85
2635,3,183.49
2636,4,732.4
2637,1,199.44
2638,4,114.84
2639,2,112.85
2640,1,148.45
2641,4,57.82
2642,4,585.58
2643,4,394.6
2644,5,619.27
2645,5,309.77
2646,1,163.89
2647,2,261.98
2648,5,431.21
2649,1,168.2
2650,3,286.51
2651,5,311.86
2652,5,758.22
2653,4,584.85
2654,1,148.63
2655,5,695.55
2656,2,30.25
2657,4,207.69
2658,1,161.66
2659,5,500.59
2660,4,637.15
2661,2,199.23
2662,2,172.4
2663,1,139.44
2664,3,86.63
2665,5,114.83
2666,2,185.46
2667,5,840.5
2668,2,44.17
2669,2,266.77
2670,5,486.48
2671,2,119.4
2672,3,461.32
2673,5,857.78
2674,1,94.89
2675,1,123.16
2676,2,68.57
2677,5,693.47
2678,4,309.36
2679,1,132.94
2680,4,369.55
2681,4,551.49
2682,5,746.54
2683,1,112.82
2684,5,774.69
2685,2,93.59
2686,4,439.85
2687,5,132.02
2688,1,116.62
2689,2,310.92
2690,1,175.72
2691,5,171.64
2692,3,81.38
2693,2,225.2
2694,1,170.75
2695,5,79.83
2696,5,764.28
2697,3,556.54
2698,4,786.5
2699,2,338.51
2700,5,55.53
2701,3,150.9
2702,3,537.88
2703,4,1007.69
2704,2,261.09
2705,1,175.88
2706,3,271.59
2707,3,531.87
2708,2,328.12
2709,5,971.46
2710,5,601.18
2711,3,210.9
2712,5,165.63
2713,1,195.09
2714,2,97.8
2715,4,760.35
2716,3,240.09
2717,5,903.01
2718,4,165.89
2719,1,198.29
2720,4,759.92
2721,3,585.02
2722,5,960.09
2723,2,392.92
2724,4,678.76
2725,2,369.75
2726,4,655.31
2727,1,130.94
2728,1,94.74
2729,3,218.49
2730,3,470.41
2731,5,827.46
2732,5,479.14
2733,5,828.57
2734,3,174.41
2735,2,65.68
2736,1,194.15
2737,5,543.7
2738,3,482.98
2739,2,279.25
2740,5,319.37
2741,3,140.96
2742,5,596.33
2743,4,652.6
2744,2,149.59
2745,2,118.69
2746,3,473.46
2747,3,91.74
2748,1,184.28
2749,5,337.26
2750,4,633.74
2751,5,745.49
2752,4,411.32
2753,5,784.28
2754,2,256.37
2755,1,186.73
2756,2,228.4
2757,2,228.4
2758,3,284.28
2759,4,188.83
2760,4,731.22
2761,1,11.08
2762,2,204.25
2763,5,930.65
2764,3,349.59
2765,5,586.57
2766,4,695.13
2767,2,159.74
2768,1,41.08
2769,3,130.19
2770,2,53.57
2771,2,44.81
2772,4,310.24
2773,5,451.75
2774,2,209.43
2775,2,83.84
2776,5,625.06
2777,4,749.17
2778,3,218.55
2779,5,135.09
2780,5,919.99
2781,5,98.26
2782,3,332.26
2783,2,55.36
2784,2,113.54
2785,2,257.64
2786,2,48.77
2787,5,292.61
2788,1,24.31
2789,1,67.73
2790,5,573.54
2791,2,381.4
2792,3,163.86
2793,2,95.33
2794,1,129.78
2795,1,58.72
2796,4,113.44
2797,5,524.48
2798,3,591.26
2799,3,160.88
2800,3,391.48
2801,1,181.62
2802,1,25.12
2803,5,605.29
2804,5,645.52
2805,2,61.55
2806,1,40.17
2807,1,106.95
2808,4,764.04
2809,5,724.93
2810,1,112.5
2811,5,889.68
2812,4,118.49
2813,2,191.16
2814,5,736.27
2815,3,388.8
2816,2,346.69
2817,4,403.53
2818,1,128.31
2819,3,317.25
2820,1,121.46
2821,4,395.55
2822,1,25.79
2823,3,329.85
2824,4,524.28
2825,2,165.74
2826,1,64.57
2827,1,40.63
2828,4,764.57
2829,4,789.11
2830,3,80.97
2831,4,258.73
2832,2,62.71
2833,4,342.33
2834,2,369.97
2835,2,158.73
2836,3,524.34
2837,1,116.52
2838,5,474.68
2839,2,233.39
2840,5,62.5
2841,2,157.75
2842,5,431.63
2843,4,374.19
2844,1,34.67
2845,1,113.89
2846,5,624.26
2847,2,219.93
2848,3,485.14
2849,5,133.29
2850,1,92.4
2851,5,238.38
2852,2,164.24
2853,2,212.06
2854,2,41.0
2855,3,526.6
2856,2,228.93
2857,4,553.0
2858,4,65.36
2859,2,43.58
2860,5,206.85
2861,5,192.26
2862,5,445.37
2863,1,123.85
2864,4,217.72
2865,2,128.05
2866,1,162.45
2867,2,357.72
2868,3,368.39
2869,5,924.51
2870,4,368.86
2871,5,813.19
2872,4,662.64
2873,5,939.0
2874,4,437.49
2875,2,317.75
2876,2,338.83
2877,4,243.77
2878,4,218.43
2879,2,286.21
2880,3,356.43
2881,4,610.2
2882,1,29.97
2883,3,373.75
2884,4,328.68
2885,4,135.9
2886,1,163.38
2887,3,240.55
2888,1,35.54
2889,3,554.48
2890,4,482.56
2891,4,571.94
2892,3,255.59
2893,4,203.11
2894,1,107.29
2895,4,412.64
2896,3,472.93
2897,3,236.81
2898,2,215.79
2899,3,454.7
2900,2,305.37
2901,1,99.82
2902,5,104.56
2903,1,162.11
2904,5,255.93
2905,3,592.06
2906,5,633.8
2907,5,985.15
2908,2,219.46
2909,4,203.05
2910,1,47.8
2911,2,355.28
2912,2,62.61
2913,4,84.65
2914,2,334.88
2915,4,487.67
2916,3,127.44
2917,3,124.97
2918,5,895.62
2919,1,107.75
2920,3,293.81
2921,1,109.56
2922,1,81.34
2923,1,97.37
2924,5,818.16
2925,4,151.16
2926,1,31.33
2927,4,248.59
2928,3,165.45
2929,5,868.63
2930,1,34.31
2931,5,642.47
2932,4,521.47
2933,3,100.44
2934,5,355.28
2935,4,496.49
2936,5,271.86
2937,4,134.77
2938,2,73.06
2939,5,209.2
2940,4,727.76
2941,1,103.42
2942,2,104.78
2943,4,1172.41
2944,5,95.35
2945,1,55.1
2946,1,156.19
2947,3,129.51
2948,3,192.55
2949,4,423.68
2950,2,384.34
2951,1,153.95
2952,1,126.4
2953,2,191.01
2954,3,288.47
2955,1,198.87
2956,2,297.37
2957,1,157.55
2958,3,545.62
2959,4,267.15
2960,5,769.68
2961,3,82.4
2962,1,100.69
2963,2,313.88
2964,2,336.57
2965,4,318.22
2966,2,196.98
2967,5,799.69
2968,3,230.79
2969,1,91.55
2970,2,217.83
2971,1,86.69
2972,5,181.53
2973,3,596.47
2974,4,142.44
2975,2,396.14
2976,2,219.48
2977,1,140.58
2978,5,243.44
2979,1,172.61
2980,3,106.94
2981,2,354.39
2982,3,217.74
2983,1,124.55
2984,1,124.28
2985,2,391.59
2986,4,80.78
2987,3,484.75
2988,3,354.58
2989,1,97.41
2990,4,383.23
2991,5,1476.44
2992,4,144.55
2993,1,178.9
2994,4,765.61
2995,3,228.75
2996,3,449.32
2997,4,653.23
2998,1,14.08
2999,3,476.86
3000,2,376.65
3001,1,133.29
3002,1,113.32
3003,5,222.02
3004,2,355.99
3005,5,380.81
3006,4,496.99
3007,2,196.63
3008,3,392.43
3009,3,156.3
3010,3,113.34
3011,2,319.91
3012,4,529.33
3013,2,387.96
3014,5,155.3
3015,2,59.07
3016,3,233.28
3017,1,121.14
3018,1,146.24
3019,3,182.56
3020,2,84.08
3021,2,148.13
3022,1,188.87
3023,4,100.47
3024,5,957.51
3025,1,24.53
3026,5,593.37
3027,4,680.83
3028,1,24.56
3029,3,333.16
3030,1,108.36
3031,4,116.84
3032,2,273.41
3033,3,510.42
3034,4,606.5
3035,5,286.1
3036,4,184.5
3037,1,33.65
3038,3,254.24
3039,4,598.76
3040,4,786.54
3041,5,873.1
3042,2,86.75
3043,2,338.6
3044,1,137.66
3045,4,205.12
3046,2,340.07
3047,2,42.96
3048,4,88.86
3049,2,179.39
3050,5,105.02
3051,2,79.02
3052,3,458.72
3053,1,75.2
3054,1,179.0
3055,3,246.08
3056,1,91.13
3057,1,136.32
3058,2,128.41
3059,5,479.14
3060,2,355.09
3061,3,99.24
3062,1,189.82
3063,2,314.53
3064,5,423.1
3065,4,591.99
3066,1,166.57
3067,1,50.1
3068,1,118.96
3069,1,122.52
3070,5,689.59
3071,1,72.48
3072,1,147.96
3073,1,148.58
3074,2,36.1
3075,5,214.99
3076,2,187.01
3077,4,545.33
3078,5,80.24
3079,3,328.94
3080,1,47.98
3081,1,155.2
3082,3,482.47
3083,3,284.55
3084,1,70.39
3085,2,117.56
3086,5,199.35
3087,3,572.97
3088,5,128.4
3089,2,139.32
3090,1,163.3
3091,3,496.59
3092,2,174.45
3093,5,927.54
3094,5,58.61
3095,4,129.33
3096,5,537.03
3097,2,131.99
3098,5,762.06
3099,2,286.12
3100,3,33.69
3101,3,560.19
3102,4,156.89
3103,3,168.11
3104,4,675.69
3105,3,297.47
3106,2,153.37
3107,2,89.97
3108,4,93.67
3109,5,295.58
3110,3,236.36
3111,3,155.73
3112,2,305.75
3113,1,20.64
3114,3,510.97
3115,3,417.78
3116,1,11.68
3117,3,425.72
3118,1,24.94
3119,1,101.39
3120,5,164.18
3121,1,80.76
3122,1,196.5
3123,5,443.63
3124,1,102.61
3125,3,530.27
3126,4,109.9
3127,2,301.69
3128,2,68.82
3129,2,197.54
3130,2,302.82
3131,1,46.76
3132,2,147.93
3133,2,111.31
3134,4,359.64
3135,3,127.15
3136,2,98.09
3137,1,135.49
3138,4,445.61
3139,5,57.75
3140,4,778.77
3141,4,525.02
3142,4,223.89
3143,5,766.5
3144,2,375.14
3145,2,236.99
3146,5,764.65
3147,4,505.92
3148,1,113.76
3149,2,99.44
3150,3,189.33
3151,3,308.32
3152,4,259.66
3153,4,340.08
3154,3,280.72
3155,1,157.21
3156,3,336.95
3157,3,125.93
3158,1,62.66
3159,4,56.56
3160,3,396.87
3161,2,72.36
3162,2,279.11
3163,4,416.55
3164,2,51.51
3165,4,58.21
3166,2,189.76
3167,4,224.26
3168,4,44.03
3169,4,186.06
3170,2,157.67
3171,2,353.73
3172,2,269.35
3173,4,634.35
3174,5,788.71
3175,4,488.61
3176,4,212.12
3177,2,299.7
3178,1,37.2
3179,4,334.54
3180,2,200.35
3181,5,821.69
3182,3,174.28
3183,4,501.13
3184,2,394.28
3185,1,124.42
3186,3,55.84
3187,1,144.74
3188,5,360.78
3189,2,176.42
3190,5,832.82
3191,4,627.9
3192,5,812.13
3193,3,150.73
3194,2,133.05
3195,4,434.19
3196,3,226.95
3197,1,185.38
3198,5,976.92
3199,2,32.99
3200,1,17.01
3201,4,294.22
3202,2,71.16
3203,2,200.16
3204,5,965.9
3205,3,323.25
3206,5,176.4
3207,5,122.0
3208,2,167.98
3209,2,179.76
3210,5,856.51
3211,3,389.47
3212,3,64.22
3213,4,130.09
3214,1,56.07
3215,2,171.65
3216,3,567.36
3217,5,786.02
3218,2,54.68
3219,1,125.25
3220,4,761.89
3221,3,596.08
3222,1,194.43
3223,2,248.41
3224,3,519.47
3225,1,136.87
3226,4,484.88
3227,4,719.02
3228,5,702.8
3229,4,561.96
3230,5,311.48
3231,1,159.08
3232,4,715.19
3233,1,157.22
3234,4,502.67
3235,3,70.63
3236,1,136.67
3237,4,157.93
3238,5,94.43
3239,2,222.35
3240,3,59.14
3241,4,715.41
3242,4,765.33
3243,4,162.5
3244,1,163.69
3245,5,754.01
3246,4,774.27
3247,5,636.22
3248,1,143.77
3249,3,45.1
3250,1,125.54
3251,5,862.82
3252,2,244.02
3253,4,383.39
3254,1,135.52
3255,3,409.26
3256,2,188.15
3257,3,494.31
3258,1,77.05
3259,5,232.6
3260,2,376.98
3261,3,193.63
3262,5,564.79
3263,4,493.84
3264,2,133.22
3265,5,764.14
3266,1,105.8
3267,1,71.89
3268,4,396.81
3269,1,193.55
3270,3,569.58
3271,1,103.78
3272,2,311.31
3273,2,289.97
3274,2,178.18
3275,1,73.36
3276,4,428.28
3277,2,236.83
3278,3,44.51
3279,4,544.04
3280,4,57.65
3281,5,940.87
3282,1,142.6
3283,2,373.03
3284,5,190.87
3285,2,362.85
3286,1,47.52
3287,2,270.84
3288,5,132.17
3289,3,289.7
3290,4,185.77
3291,3,499.67
3292,1,151.38
3293,4,775.24
3294,5,962.21
3295,5,135.08
3296,2,109.75
3297,3,354.23
3298,5,553.18
3299,1,90.66
3300,1,26.33
3301,5,528.05
3302,3,83.25
3303,4,89.48
3304,4,159.76
3305,3,500.41
3306,4,206.35
3307,1,162.0
3308,3,599.61
3309,5,154.48
3310,5,861.68
3311,4,332.22
3312,1,193.79
3313,1,16.54
3314,1,50.15
3315,3,94.89
3316,2,210.63
3317,4,56.16
3318,4,406.8
3319,5,234.16
3320,3,504.44
3321,5,85.69
3322,4,716.38
3323,3,202.0
3324,4,509.4
3325,4,126.62
3326,4,104.6
3327,5,534.16
3328,1,24.0
3329,2,72.3
3330,5,557.37
3331,5,628.14
3332,1,52.53
3333,2,183.4
3334,3,424.49
3335,2,353.01
3336,3,131.11
3337,4,619.77
3338,5,531.5
3339,5,112.59
3340,4,332.39
3341,3,162.64
3342,2,262.96
3343,2,230.78
3344,5,444.24
3345,4,223.12
3346,1,177.68
3347,5,166.34
3348,3,135.51
3349,1,147.92
3350,3,298.91
3351,2,145.03
3352,5,877.58
3353,4,295.82
3354,2,354.42
3355,4,57.31
3356,4,603.5
3357,5,154.47
3358,1,32.0
3359,3,594.06
3360,5,67.7
3361,1,122.56
3362,4,528.16
3363,1,198.03
3364,4,265.9
3365,2,226.19
3366,3,485.03
3367,3,325.81
3368,2,130.53
3369,2,35.34
3370,5,555.47
3371,5,88.41
3372,2,200.46
3373,2,41.24
3374,1,53.85
3375,2,353.03
3376,3,206.9
3377,2,88.56
3378,3,51.41
3379,4,416.87
3380,2,140.69
3381,3,53.91
3382,2,168.24
3383,1,186.95
3384,4,768.7
3385,3,496.09
3386,2,119.77
3387,3,67.19
3388,2,215.24
3389,4,758.16
3390,3,246.06
3391,3,513.73
3392,4,140.23
3393,3,230.11
3394,5,209.83
3395,5,842.29
3396,5,657.09
3397,3,449.98
3398,4,135.16
3399,1,46.16
3400,1,106.39
3401,2,268.67
3402,4,116.66
3403,1,154.17
3404,2,293.89
3405,1,105.76
3406,1,36.15
3407,5,112.62
3408,4,773.92
3409,3,229.18
3410,1,130.72
3411,1,95.82
3412,4,538.86
3413,5,635.3
3414,4,264.14
3415,4,591.84
3416,1,59.18
3417,3,134.58
3418,3,35.05
3419,5,903.24
3420,4,208.43
3421,2,374.59
3422,1,117.47
3423,5,227.12
3424,1,19.51
3425,1,40.35
3426,1,157.93
3427,5,419.99
3428,4,55.57
3429,5,981.75
3430,2,289.82
3431,1,126.68
3432,4,237.17
3433,3,556.14
3434,3,159.87
3435,5,72.55
3436,5,860.95
3437,5,377.71
3438,1,107.32
3439,1,87.34
3440,5,390.72
3441,5,334.76
3442,3,198.64
3443,1,57.66
3444,5,327.46
3445,3,432.67
3446,3,112.88
3447,5,472.99
3448,1,130.63
3449,4,345.97
3450,3,488.82
3451,5,599.28
3452,5,163.87
3453,1,194.48
3454,5,807.66
3455,3,169.37
3456,1,131.19
3457,3,160.94
3458,2,205.38
3459,3,584.15
3460,2,72.36
3461,5,509.19
3462,3,482.3
3463,4,610.76
3464,3,370.34
3465,4,794.81
3466,4,770.95
3467,1,80.7
3468,3,68.54
3469,3,528.27
3470,4,101.2
3471,2,147.0
3472,2,141.07
3473,2,321.13
3474,3,571.8
3475,5,462.74
3476,5,680.5
3477,5,417.38
3478,5,484.15
3479,4,46.35
3480,1,153.64
3481,2,243.32
3482,3,101.89
3483,3,144.93
3484,5,284.17
3485,4,605.74
3486,5,337.84
3487,2,398.59
3488,2,267.39
3489,1,185.4
3490,4,72.91
3491,1,91.95
3492,4,540.68
3493,2,281.91
3494,3,51.74
3495,4,185.56
3496,1,163.79
3497,3,48.71
3498,4,282.8
3499,3,183.67
3500,5,609.47
3501,3,89.52
3502,4,108.98
3503,5,159.36
3504,5,225.54
3505,1,125.75
3506,2,327.02
3507,5,880.58
3508,4,61.83
3509,3,398.2
3510,5,687.8
3511,5,999.85
3512,5,590.74
3513,4,328.33
3514,3,548.21
3515,4,57.05
3516,2,179.83
3517,2,130.93
3518,4,264.79
3519,2,179.65
3520,3,361.9
3521,3,314.04
3522,2,384.02
3523,2,215.27
3524,5,405.68
3525,5,876.13
3526,1,115.22
3527,3,144.99
3528,4,132.64
3529,1,199.16
3530,1,199.04
3531,1,131.79
3532,5,904.01
3533,5,775.62
3534,1,77.11
3535,4,682.87
3536,2,44.25
3537,5,754.92
3538,3,98.83
3539,2,348.12
3540,5,313.29
3541,5,722.98
3542,3,325.7
3543,1,136.75
3544,1,90.23
3545,4,69.49
3546,4,605.77
3547,4,526.28
3548,2,215.25
3549,4,250.48
3550,3,142.78
3551,2,259.18
3552,1,106.56
3553,4,301.94
3554,4,433.27
3555,3,472.09
3556,4,613.3
3557,2,70.23
3558,1,163.35
3559,3,282.85
3560,4,247.48
3561,5,659.8
3562,2,171.18
3563,4,335.74
3564,1,180.45
3565,3,172.09
3566,4,581.41
3567,5,646.48
3568,3,381.39
3569,5,589.65
3570,4,513.08
3571,4,499.25
3572,2,259.37
3573,2,331.7
3574,2,293.54
3575,4,596.05
3576,5,862.93
3577,4,763.55
3578,1,74.0
3579,5,897.21
3580,1,46.78
3581,5,708.94
3582,1,123.01
3583,1,99.23
3584,5,905.21
3585,3,212.29
3586,3,596.86
3587,1,194.47
3588,3,410.03
3589,3,533.03
3590,4,583.32
3591,1,162.33
3592,2,143.42
3593,1,20.84
3594,2,333.39
3595,4,1282.29
3596,1,79.5
3597,2,187.74
3598,1,103.19
3599,1,107.3
3600,4,569.03
3601,1,88.22
3602,5,749.38
3603,4,58.06
3604,5,660.7
3605,5,652.35
3606,2,60.71
3607,4,426.63
3608,4,540.54
3609,5,688.08
3610,4,691.77
3611,2,246.37
3612,5,624.09
3613,1,72.19
3614,2,347.62
3615,1,108.2
3616,5,544.46
3617,1,39.08
3618,2,196.12
3619,2,270.97
3620,3,287.57
3621,3,131.16
3622,5,282.92
3623,2,156.76
3624,5,967.47
3625,2,369.37
3626,4,608.83
3627,4,613.58
3628,5,982.35
3629,5,1871.86
3630,2,153.21
3631,4,526.97
3632,1,145.77
3633,2,368.75
3634,4,189.91
3635,4,171.55
3636,4,403.72
3637,5,956.19
3638,4,521.45
3639,5,579.35
3640,3,332.88
3641,1,173.2
3642,4,198.48
3643,5,146.9
3644,3,455.64
3645,4,644.34
3646,2,104.84
3647,3,195.78
3648,3,137.3
3649,4,236.39
3650,1,120.14
3651,5,843.48
3652,4,114.38
3653,2,179.17
3654,5,954.99
3655,2,39.27
3656,1,141.92
3657,1,60.86
3658,5,768.2
3659,1,180.06
3660,4,385.38
3661,4,537.81
3662,2,372.23
3663,1,10.28
3664,2,314.77
3665,1,77.58
3666,5,806.68
3667,4,377.33
3668,3,372.22
3669,1,144.42
3670,4,667.96
3671,2,330.47
3672,5,294.78
3673,5,266.04
3674,3,36.03
3675,3,131.14
3676,3,578.17
3677,3,67.32
3678,4,634.99
3679,1,87.76
3680,2,243.95
3681,2,94.1
3682,2,339.68
3683,5,879.61
3684,5,394.3
3685,3,276.22
3686,4,280.86
3687,1,166.59
3688,5,666.51
3689,4,143.44
3690,1,99.7
3691,4,453.28
3692,4,246.73
3693,5,838.28
3694,5,553.67
3695,4,218.02
3696,2,178.38
3697,2,291.14
3698,2,151.01
3699,5,237.01
3700,5,294.6
3701,1,25.55
3702,2,130.64
3703,1,125.72
3704,2,288.25
3705,5,756.25
3706,5,950.17
3707,2,278.13
3708,3,191.79
3709,2,272.16
3710,3,246.69
3711,1,68.98
3712,5,374.35
3713,1,53.82
3714,3,454.48
3715,3,177.19
3716,1,25.28
3717,2,28.33
3718,1,140.35
3719,2,78.72
3720,5,965.62
3721,5,237.26
3722,3,159.54
3723,3,521.81
3724,1,130.11
3725,5,621.08
3726,2,247.68
3727,4,418.93
3728,3,79.0
3729,3,169.77
3730,2,105.77
3731,4,733.6
3732,1,184.88
3733,1,137.4
3734,4,283.35
3735,5,429.27
3736,4,368.19
3737,5,643.33
3738,5,53.64
3739,1,114.28
3740,5,827.46
3741,4,1131.43
3742,3,445.73
3743,2,52.53
3744,4,296.37
3745,2,146.08
3746,5,873.8
3747,5,308.19
3748,4,271.54
3749,5,299.28
3750,5,90.44
3751,3,196.06
3752,4,693.17
3753,5,788.23
3754,2,293.72
3755,3,268.81
3756,2,202.61
3757,5,778.7
3758,2,177.16
3759,5,784.13
3760,3,491.64
3761,5,810.37
3762,4,648.64
3763,2,282.32
3764,2,156.35
3765,4,722.12
3766,2,253.75
3767,2,194.01
3768,3,302.06
3769,5,175.44
3770,4,164.79
3771,5,660.47
3772,5,340.89
3773,4,224.82
3774,2,106.15
3775,3,278.76
3776,4,319.71
3777,4,238.23
3778,2,151.98
3779,4,96.31
3780,5,816.61
3781,2,344.47
3782,5,775.35
3783,2,278.03
3784,5,551.52
3785,1,20.6
3786,2,162.22
3787,2,213.78
3788,1,177.34
3789,1,77.55
3790,1,152.94
3791,4,335.81
3792,5,881.69
3793,2,373.9
3794,4,203.88
3795,3,576.34
3796,2,394.28
3797,4,630.74
3798,4,56.72
3799,1,123.47
3800,3,579.2
3801,3,375.68
3802,1,157.32
3803,1,198.94
3804,2,304.49
3805,1,72.3
3806,5,155.61
3807,3,507.18
3808,4,236.88
3809,4,588.98
3810,1,124.61
3811,3,195.35
3812,1,17.83
3813,5,840.17
3814,2,307.03
3815,2,275.54
3816,3,141.45
3817,2,276.85
3818,1,51.88
3819,5,773.45
3820,4,584.56
3821,4,538.58
3822,1,129.64
3823,3,272.68
3824,4,258.93
3825,5,325.21
3826,2,181.62
3827,3,414.75
3828,2,128.09
3829,2,182.72
3830,4,788.82
3831,1,124.76
3832,3,76.42
3833,2,203.56
3834,4,597.72
3835,4,142.83
3836,2,174.16
3837,2,132.86
3838,1,16.3
3839,4,573.12
3840,4,711.18
3841,3,590.43
3842,2,126.27
3843,1,133.01
3844,5,812.2
3845,5,488.25
3846,4,513.78
3847,4,798.52
3848,4,334.09
3849,4,511.3
3850,3,39.78
3851,4,444.45
3852,4,590.76
3853,5,613.09
3854,3,137.15
3855,5,206.45
3856,3,353.36
3857,2,308.3
3858,3,415.2
3859,5,497.73
3860,4,379.69
3861,5,852.9
3862,5,561.88
3863,2,303.66
3864,5,707.39
3865,5,964.97
3866,4,688.49
3867,5,195.01
3868,3,132.89
3869,4,662.97
3870,4,336.93
3871,5,808.37
3872,4,185.91
3873,5,854.22
3874,4,560.94
3875,5,964.09
3876,3,525.71
3877,5,243.23
3878,1,35.73
3879,2,286.87
3880,5,724.14
3881,3,541.18
3882,3,315.2
3883,4,732.61
3884,4,468.78
3885,2,86.1
3886,2,113.45
3887,2,257.09
3888,3,571.49
3889,5,887.73
3890,1,125.6
3891,1,153.75
3892,4,443.78
3893,5,754.88
3894,2,207.99
3895,3,48.97
3896,3,574.32
3897,4,290.37
3898,1,68.49
3899,5,755.27
3900,1,43.86
3901,5,212.33
3902,4,43.69
3903,5,115.2
3904,4,381.92
3905,5,781.71
3906,1,182.62
3907,3,223.32
3908,2,381.36
3909,5,203.78
3910,5,229.65
3911,5,364.6
3912,4,435.38
3913,1,81.94
3914,1,116.21
3915,4,50.92
3916,2,56.55
3917,1,61.76
3918,2,162.84
3919,2,394.23
3920,3,468.19
3921,1,176.47
3922,2,326.63
3923,4,466.54
3924,5,871.77
3925,4,111.46
3926,3,408.81
3927,3,78.35
3928,3,578.03
3929,2,82.71
3930,2,105.67
3931,4,246.51
3932,3,269.4
3933,2,219.84
3934,3,300.36
3935,4,684.16
3936,4,491.24
3937,3,46.84
3938,5,846.16
3939,5,843.5
3940,3,38.75
3941,1,54.31
3942,1,154.7
3943,4,323.35
3944,2,73.44
3945,5,475.01
3946,3,359.5
3947,1,101.1
3948,1,12.11
3949,2,144.37
3950,5,277.7
3951,4,701.64
3952,2,53.54
3953,5,905.61
3954,1,84.55
3955,2,72.01
3956,5,997.19
3957,4,535.41
3958,1,115.95
3959,5,161.69
3960,3,326.49
3961,2,203.58
3962,2,43.31
3963,5,575.62
3964,3,293.74
3965,1,113.46
3966,3,385.85
3967,1,116.85
3968,4,453.34
3969,2,389.68
3970,1,190.5
3971,3,433.62
3972,2,248.05
3973,2,205.7
3974,4,148.85
3975,3,507.99
3976,2,131.92
3977,3,304.19
3978,5,963.86
3979,4,621.36
3980,4,441.06
3981,4,618.21
3982,5,453.23
3983,1,190.99
3984,2,238.5
3985,1,13.95
3986,1,30.54
3987,3,585.24
3988,5,217.3
3989,4,583.17
3990,1,101.52
3991,4,317.33
3992,2,375.55
3993,1,160.29
3994,1,57.04
3995,5,536.25
3996,5,638.23
3997,5,984.49
3998,2,365.18
3999,2,383.54
4000,5,418.45
4001,2,63.33
4002,3,533.23
4003,5,892.11
4004,5,185.18
4005,2,116.98
4006,2,222.42
4007,1,123.66
4008,2,260.22
4009,2,232.92
4010,5,80.96
4011,4,386.65
4012,2,305.33
4013,3,280.66
4014,1,197.62
4015,3,94.91
4016,4,333.75
4017,5,703.71
4018,2,184.85
4019,2,314.12
4020,5,716.03
4021,1,87.37
4022,5,656.66
4023,4,311.62
4024,2,129.69
4025,2,321.12
4026,2,183.67
4027,5,343.72
4028,3,442.98
4029,5,596.09
4030,1,151.11
4031,2,145.87
4032,2,218.95
4033,1,34.95
4034,1,170.56
4035,2,213.75
4036,4,283.77
4037,4,676.86
4038,3,546.01
4039,2,56.57
4040,5,519.15
4041,3,103.98
4042,5,56.81
4043,3,323.21
4044,4,615.75
4045,2,278.57
4046,1,189.35
4047,5,68.86
4048,4,644.22
4049,1,127.59
4050,3,404.85
4051,4,209.74
4052,2,389.16
4053,2,115.97
4054,3,349.71
4055,1,117.9
4056,4,260.72
4057,1,139.98
4058,5,505.98
4059,1,174.78
4060,5,82.53
4061,3,117.23
4062,5,116.49
4063,4,799.25
4064,1,132.46
4065,5,473.05
4066,1,154.18
4067,5,911.09
4068,2,280.11
4069,4,304.69
4070,3,315.11
4071,4,280.95
4072,1,125.16
4073,5,678.07
4074,1,150.22
4075,2,57.03
4076,1,154.71
4077,3,563.52
4078,4,578.63
4079,1,66.67
4080,3,226.17
4081,3,187.01
4082,2,378.73
4083,4,1050.14
4084,3,252.01
4085,1,147.36
4086,5,565.34
4087,5,650.05
4088,2,388.55
4089,4,560.75
4090,3,468.93
4091,3,311.5
4092,3,557.23
4093,3,293.28
4094,3,85.11
4095,3,945.44
4096,5,1220.12
4097,3,40.06
4098,5,513.2
4099,4,204.33
4100,5,790.53
4101,1,24.59
4102,3,560.41
4103,5,254.69
4104,2,24.51
4105,3,515.9
4106,4,577.75
4107,5,517.09
4108,5,853.3
4109,3,306.88
4110,4,418.03
4111,4,621.87
4112,5,338.83
4113,1,195.61
4114,5,386.92
4115,4,774.07
4116,4,307.7
4117,1,48.91
4118,1,156.87
4119,1,162.49
4120,2,59.86
4121,3,255.29
4122,5,325.53
4123,5,319.82
4124,4,771.46
4125,4,751.65
4126,2,274.75
4127,4,41.29
4128,4,261.3
4129,1,34.57
4130,2,279.82
4131,2,204.22
4132,1,107.55
4133,1,155.24
4134,3,293.23
4135,3,537.0
4136,5,803.07
4137,4,712.67
4138,1,141.04
4139,3,291.5
4140,5,431.48
4141,4,665.63
4142,4,208.71
4143,4,507.28
4144,5,750.95
4145,5,693.37
4146,5,494.02
4147,1,31.34
4148,4,299.81
4149,1,82.26
4150,5,95.07
4151,4,167.39
4152,5,169.63
4153,3,333.83
4154,4,712.54
4155,5,462.0
4156,2,154.21
4157,2,179.23
4158,4,317.42
4159,3,50.01
4160,3,553.81
4161,3,495.03
4162,5,439.49
4163,1,59.15
4164,5,813.36
4165,2,277.73
4166,4,331.98
4167,4,425.98
4168,4,434.93
4169,2,56.51
4170,1,82.4
4171,2,206.32
4172,2,300.15
4173,5,743.37
4174,1,126.58
4175,4,437.48
4176,2,304.8
4177,4,341.48
4178,2,275.11
4179,2,221.9
4180,4,64.37
4181,5,596.28
4182,4,730.36
4183,1,140.67
4184,2,38.58
4185,1,126.5
4186,2,134.9
4187,4,217.12
4188,2,214.02
4189,3,370.91
4190,2,68.7
4191,1,85.84
4192,4,608.14
4193,4,270.26
4194,2,151.46
4195,4,461.15
4196,3,528.46
4197,4,304.0
4198,2,225.25
4199,4,729.56
4200,5,327.83
4201,4,127.71
4202,4,443.49
4203,4,289.32
4204,3,74.67
4205,1,38.15
4206,2,292.51
4207,5,522.13
4208,1,147.57
4209,4,284.61
4210,5,592.8
4211,3,377.28
4212,2,126.82
4213,1,38.55
4214,4,367.36
4215,1,198.49
4216,3,376.43
4217,5,786.09
4218,1,87.85
4219,2,620.93
4220,5,616.26
4221,2,240.87
4222,3,317.62
4223,3,454.18
4224,3,58.14
4225,4,737.59
4226,2,313.83
4227,2,251.19
4228,4,166.37
4229,1,161.72
4230,2,251.48
4231,1,192.2
4232,1,188.98
4233,1,18.71
4234,1,85.47
4235,2,258.02
4236,3,511.89
4237,1,100.59
4238,1,67.58
4239,1,132.43
4240,1,175.55
4241,4,301.86
4242,2,133.36
4243,2,155.07
4244,2,348.94
4245,5,652.2
4246,5,154.75
4247,1,364.17
4248,3,503.33
4249,2,175.67
4250,5,531.11
4251,3,33.61
4252,1,174.87
4253,4,582.53
4254,4,361.1
4255,2,186.19
4256,5,428.9
4257,4,158.47
4258,1,137.46
4259,2,366.4
4260,1,89.61
4261,4,350.71
4262,5,876.48
4263,2,241.99
4264,1,120.03
4265,1,65.48
4266,5,408.66
4267,2,182.58
4268,5,355.0
4269,5,865.01
4270,1,42.05
4271,3,31.07
4272,2,105.41
4273,4,80.98
4274,3,77.45
4275,2,165.54
4276,3,96.33
4277,3,375.42
4278,2,55.29
4279,5,941.3
4280,4,689.22
4281,1,195.04
4282,3,44.25
4283,3,493.76
4284,3,137.93
4285,2,297.02
4286,2,272.1
4287,4,467.7
4288,1,163.44
4289,1,125.33
4290,4,146.2
4291,1,166.06
4292,2,62.67
4293,2,281.1
4294,5,385.08
4295,1,194.31
4296,3,471.18
4297,3,500.26
4298,4,432.18
4299,2,354.92
4300,5,140.95
4301,1,140.17
4302,4,657.96
4303,4,715.93
4304,5,575.89
4305,1,164.7
4306,2,264.09
4307,2,287.19
4308,3,390.33
4309,2,163.7
4310,3,330.43
4311,1,88.49
4312,4,758.36
4313,4,244.85
4314,3,184.7
4315,1,148.52
4316,4,292.1
4317,5,460.24
4318,4,173.43
4319,1,117.73
4320,5,331.76
4321,4,292.92
4322,5,214.92
4323,4,61.21
4324,2,165.44
4325,1,107.3
4326,4,490.86
4327,3,476.08
4328,1,42.65
4329,1,81.67
4330,2,56.39
4331,4,572.23
4332,5,493.22
4333,3,128.69
4334,2,42.43
4335,3,405.57
4336,3,446.32
4337,3,582.65
4338,1,87.13
4339,2,111.43
4340,2,89.76
4341,4,679.75
4342,3,474.26
4343,1,86.39
4344,2,353.13
4345,4,288.05
4346,5,555.65
4347,1,183.2
4348,4,169.35
4349,4,68.75
4350,3,287.35
4351,5,282.22
4352,4,249.0
4353,2,377.88
4354,4,654.42
4355,4,515.58
4356,1,138.15
4357,3,386.05
4358,1,92.37
4359,4,465.39
4360,1,168.12
4361,2,184.76
4362,4,785.37
4363,3,406.06
4364,1,10.17
4365,4,217.05
4366,5,65.33
4367,1,18.36
4368,1,151.91
4369,3,179.26
4370,1,52.96
4371,4,655.16
4372,5,346.93
4373,3,159.36
4374,5,233.59
4375,4,119.97
4376,4,652.23
4377,3,39.81
4378,2,232.56
4379,5,863.44
4380,5,85.65
4381,2,227.72
4382,4,48.06
4383,2,233.82
4384,2,340.2
4385,1,178.72
4386,5,822.76
4387,1,160.91
4388,1,56.06
4389,5,71.05
4390,2,394.05
4391,2,185.86
4392,4,315.08
4393,3,564.83
4394,5,486.19
4395,5,229.93
4396,3,295.35
4397,2,46.73
4398,1,189.02
4399,2,31.74
4400,1,31.93
4401,5,151.86
4402,3,362.74
4403,1,157.06
4404,4,621.86
4405,4,52.35
4406,4,54.22
4407,3,419.37
4408,1,138.76
4409,2,334.2
4410,4,567.85
4411,4,314.35
4412,2,394.62
4413,5,693.99
4414,2,35.84
4415,1,308.02
4416,4,268.2
4417,2,63.95
4418,5,712.86
4419,4,63.57
4420,2,385.71
4421,2,105.96
4422,5,863.98
4423,1,128.72
4424,1,183.16
4425,1,190.34
4426,4,119.49
4427,5,817.61
4428,2,179.96
4429,5,951.32
4430,4,303.66
4431,1,30.1
4432,3,137.59
4433,4,443.35
4434,2,297.25
4435,2,156.54
4436,2,244.88
4437,3,239.47
4438,3,518.96
4439,3,35.84
4440,3,364.06
4441,1,170.8
4442,1,76.3
4443,1,116.75
4444,2,59.81
4445,2,277.37
4446,2,297.2
4447,1,294.38
4448,1,54.0
4449,2,386.58
4450,3,239.34
4451,1,21.83
4452,2,101.87
4453,2,96.85
4454,1,147.9
4455,2,353.13
4456,3,209.41
4457,2,271.65
4458,3,99.74
4459,4,187.88
4460,3,380.26
4461,5,524.18
4462,4,659.72
4463,5,51.25
4464,2,380.58
4465,2,93.94
4466,5,514.59
4467,4,513.74
4468,1,68.13
4469,5,309.72
4470,4,433.53
4471,4,487.3
4472,5,766.06
4473,3,576.04
4474,3,245.33
4475,3,401.03
4476,1,70.76
4477,1,98.92
4478,1,158.88
4479,4,44.75
4480,4,384.4
4481,4,412.81
4482,4,648.88
4483,5,957.65
4484,3,179.97
4485,4,47.37
4486,1,153.79
4487,5,452.7
4488,4,536.88
4489,5,188.63
4490,4,688.46
4491,3,358.51
4492,5,930.41
4493,4,219.64
4494,1,80.73
4495,2,354.95
4496,4,640.85
4497,4,757.11
4498,4,242.43
4499,3,246.82
4500,2,129.25
4501,4,562.66
4502,2,325.7
4503,2,227.85
4504,5,763.1
4505,4,783.41
4506,5,759.35
4507,1,139.41
4508,3,239.87
4509,3,184.18
4510,2,96.43
4511,1,56.88
4512,2,351.48
4513,2,146.19
4514,1,116.09
4515,3,166.61
4516,2,36.09
4517,2,334.51
4518,2,89.69
4519,4,425.86
4520,3,40.63
4521,3,175.09
4522,3,40.24
4523,1,134.72
4524,2,161.35
4525,1,86.75
4526,1,170.13
4527,4,46.53
4528,2,376.06
4529,5,978.81
4530,4,262.36
4531,3,176.28
4532,3,64.99
4533,5,1297.98
4534,1,190.71
4535,3,425.98
4536,3,539.04
4537,3,439.44
4538,1,68.69
4539,3,344.33
4540,1,41.41
4541,3,64.24
4542,5,494.21
4543,4,399.02
4544,5,618.92
4545,4,114.84
4546,2,140.41
4547,1,69.8
4548,5,978.73
4549,3,219.95
4550,5,238.44
4551,4,468.52
4552,3,348.58
4553,2,174.07
4554,1,75.59
4555,3,250.59
4556,1,106.76
4557,3,122.18
4558,1,153.05
4559,2,261.6
4560,3,37.12
4561,4,456.29
4562,4,552.24
4563,2,231.18
4564,1,38.15
4565,4,663.45
4566,1,193.59
4567,3,566.26
4568,4,426.34
4569,2,336.99
4570,2,218.09
4571,5,522.78
4572,3,378.76
4573,1,133.72
4574,4,64.48
4575,5,403.96
4576,1,142.65
4577,4,84.36
4578,4,700.99
4579,4,783.48
4580,2,182.04
4581,4,716.66
4582,5,627.17
4583,1,177.81
4584,1,120.86
4585,3,77.06
4586,1,175.32
4587,2,383.59
4588,5,534.65
4589,1,82.31
4590,1,109.19
4591,5,882.9
4592,4,589.75
4593,3,522.16
4594,5,124.07
4595,4,408.7
4596,5,592.15
4597,1,168.26
4598,3,56.92
4599,4,310.94
4600,4,550.12
4601,3,352.89
4602,3,51.51
4603,2,134.47
4604,3,39.9
4605,5,110.08
4606,1,84.09
4607,5,549.69
4608,2,100.99
4609,3,172.35
4610,3,585.06
4611,5,478.55
4612,2,135.07
4613,5,382.0
4614,5,153.54
4615,4,304.68
4616,3,183.63
4617,3,238.03
4618,3,293.99
4619,2,389.45
4620,3,241.36
4621,5,176.55
4622,2,237.5
4623,2,350.21
4624,1,27.27
4625,3,400.53
4626,4,359.13
4627,5,767.12
4628,3,158.05
4629,2,223.58
4630,3,489.66
4631,3,30.98
4632,4,200.24
4633,2,24.71
4634,2,255.23
4635,2,299.64
4636,4,462.83
4637,2,375.01
4638,4,63.63
4639,1,73.17
4640,5,676.47
4641,1,120.33
4642,3,79.56
4643,4,762.7
4644,4,408.37
4645,2,290.65
4646,5,841.74
4647,1,183.53
4648,2,217.16
4649,1,65.77
4650,2,103.23
4651,3,413.95
4652,1,178.84
4653,4,371.21
4654,2,328.59
4655,2,44.92
4656,2,71.02
4657,4,132.14
4658,5,721.08
4659,5,306.14
4660,5,516.07
4661,5,761.9
4662,1,193.88
4663,2,78.96
4664,3,242.71
4665,1,78.71
4666,2,327.81
4667,4,333.72
4668,4,549.3
4669,5,340.79
4670,5,224.66
4671,1,56.99
4672,4,331.15
4673,4,135.86
4674,4,574.82
4675,2,325.29
4676,2,97.27
4677,1,68.14
4678,4,283.09
4679,3,365.09
4680,4,687.8
4681,2,365.86
4682,1,184.61
4683,4,336.21
4684,5,267.17
4685,3,113.21
4686,3,498.64
4687,3,538.9
4688,1,149.93
4689,1,114.13
4690,4,445.49
4691,3,136.63
4692,3,288.9
4693,4,144.88
4694,2,102.69
4695,5,959.75
4696,4,794.43
4697,5,121.46
4698,2,62.02
4699,3,269.38
4700,2,361.92
4701,1,126.01
4702,1,124.88
4703,1,189.23
4704,3,154.21
4705,2,329.11
4706,4,270.42
4707,2,325.3
4708,1,50.49
4709,5,723.16
4710,2,154.03
4711,2,251.76
4712,4,621.49
4713,4,614.43
4714,1,189.07
4715,3,270.22
4716,3,354.42
4717,2,257.81
4718,1,26.94
4719,5,210.63
4720,4,731.25
4721,3,233.21
4722,4,226.13
4723,4,55.13
4724,2,360.96
4725,4,768.08
4726,1,85.86
4727,5,544.8
4728,2,157.2
4729,4,696.6
4730,4,51.52
4731,2,183.36
4732,5,466.8
4733,4,342.98
4734,2,289.25
4735,4,271.96
4736,5,643.54
4737,4,655.44
4738,1,154.07
4739,3,69.82
4740,2,199.71
4741,1,85.61
4742,2,95.95
4743,2,226.56
4744,3,94.15
4745,1,21.94
4746,4,456.21
4747,3,504.0
4748,4,287.81
4749,4,364.93
4750,2,46.7
4751,5,417.72
4752,2,253.9
4753,4,237.85
4754,2,161.52
4755,3,524.33
4756,4,497.96
4757,2,210.83
4758,5,225.18
4759,4,382.11
4760,5,915.64
4761,2,320.78
4762,5,671.69
4763,1,187.1
4764,3,522.29
4765,1,182.36
4766,1,42.88
4767,3,191.42
4768,5,584.53
4769,1,39.07
4770,5,888.94
4771,3,570.12
4772,4,343.78
4773,1,93.33
4774,4,263.24
4775,4,736.36
4776,4,627.2
4777,5,850.78
4778,3,205.93
4779,4,424.2
4780,4,48.74
4781,3,412.37
4782,1,177.66
4783,3,97.03
4784,3,248.92
4785,5,923.62
4786,4,599.75
4787,5,272.51
4788,4,618.93
4789,3,470.61
4790,2,326.42
4791,5,428.88
4792,1,91.0
4793,4,262.44
4794,2,90.03
4795,1,113.32
4796,2,237.8
4797,5,562.55
4798,3,306.41
4799,3,272.51
4800,4,122.87
4801,5,794.14
4802,5,801.13
4803,2,276.71
4804,5,172.44
4805,5,819.14
4806,1,11.34
4807,3,586.5
4808,2,318.66
4809,5,409.06
4810,3,253.46
4811,5,284.95
4812,2,98.61
4813,2,284.36
4814,3,465.26
4815,1,175.58
4816,5,685.27
4817,4,534.54
4818,2,91.77
4819,3,452.43
4820,3,509.36
4821,4,354.68
4822,3,413.51
4823,4,122.09
4824,3,195.83
4825,5,774.75
4826,5,499.49
4827,4,960.43
4828,3,369.89
4829,3,459.71
4830,1,153.37
4831,2,110.3
4832,2,302.48
4833,5,920.66
4834,4,206.36
4835,3,430.75
4836,1,138.41
4837,4,363.49
4838,4,630.7
4839,5,532.67
4840,5,256.79
4841,5,668.35
4842,5,805.63
4843,5,363.41
4844,2,191.41
4845,3,159.58
4846,2,165.68
4847,4,528.66
4848,5,886.9
4849,2,188.07
4850,4,187.42
4851,2,249.68
4852,4,755.26
4853,3,141.47
4854,2,242.11
4855,3,257.59
4856,5,454.38
4857,1,74.96
4858,2,143.33
4859,1,106.61
4860,2,82.94
4861,1,11.72
4862,5,331.9
4863,3,534.94
4864,3,338.97
4865,4,597.53
4866,3,259.69
4867,2,245.01
4868,2,72.84
4869,4,332.47
4870,3,127.77
4871,1,157.02
4872,5,428.34
4873,2,325.32
4874,2,157.17
4875,3,504.62
4876,3,70.77
4877,1,133.85
4878,4,719.87
4879,4,273.85
4880,1,63.05
4881,1,60.89
4882,5,675.02
4883,3,436.2
4884,4,272.07
4885,5,527.95
4886,2,154.28
4887,1,40.58
4888,2,209.63
4889,5,519.22
4890,5,615.8
4891,5,712.79
4892,1,77.99
4893,1,103.43
4894,5,350.82
4895,3,229.92
4896,5,745.03
4897,2,260.04
4898,3,541.87
4899,3,411.26
4900,3,204.13
4901,5,862.98
4902,2,60.48
4903,3,100.29
4904,2,131.5
4905,4,573.13
4906,3,531.39
4907,2,52.03
4908,1,11.51
4909,3,174.24
4910,4,340.13
4911,3,243.47
4912,5,123.93
4913,3,553.68
4914,3,350.7
4915,4,489.32
4916,5,586.46
4917,3,288.18
4918,5,480.79
4919,2,57.72
4920,2,139.65
4921,3,330.65
4922,5,507.85
4923,4,667.8
4924,2,386.17
4925,3,461.28
4926,2,283.01
4927,1,163.94
4928,1,148.74
4929,1,45.28
4930,5,990.66
4931,5,73.66
4932,1,46.41
4933,4,536.88
4934,4,768.04
4935,2,62.19
4936,4,787.16
4937,4,541.2
4938,3,101.64
4939,4,620.56
4940,1,67.52
4941,4,181.41
4942,3,182.04
4943,2,167.17
4944,2,450.93
4945,5,405.01
4946,2,235.09
4947,3,243.55
4948,4,469.07
4949,4,623.25
4950,3,471.09
4951,4,499.27
4952,1,193.04
4953,2,196.18
4954,3,326.11
4955,2,117.14
4956,5,415.49
4957,2,227.93
4958,4,50.59
4959,4,114.63
4960,5,137.26
4961,1,82.12
4962,3,546.77
4963,4,534.97
4964,1,12.59
4965,1,88.71
4966,3,495.48
4967,4,127.55
4968,4,592.1
4969,2,157.09
4970,4,315.8
4971,2,97.22
4972,1,68.38
4973,2,130.36
4974,5,188.82
4975,3,370.92
4976,3,429.67
4977,3,239.12
4978,4,687.03
4979,4,216.2
4980,3,356.85
4981,2,316.49
4982,5,162.04
4983,3,101.48
4984,1,58.72
4985,4,62.0
4986,4,352.48
4987,1,189.39
4988,1,81.88
4989,2,85.75
4990,3,633.04
4991,5,523.71
4992,1,93.92
4993,1,93.84
4994,1,176.49
4995,1,37.89
4996,1,39.32
4997,4,571.52
4998,5,666.41
4999,5,814.17
5000,5,520.74
